type	a	b	c	d	dir	exp_a	DP_rows	RR_rows	OR	MS	Dice	PMI	chi2_signed	G_signed	t	p_fisher_1
davos	197.5	69868.5	0.5	2498676.5	1	5.40072245452348	0.00281857076728068	14086.3958981532	14126.2116332825	0.00281877087317672	0.00562165547079586	5.19255643359536	7024.95614347416	1416.27452138126	13.6696966720919	0
wuhan	131	69934	534	2498142	1	18.1385453029324	0.00165597924595784	8.74860598946243	8.76312063733928	0.00186969242845929	0.00370422734341863	2.85243614915187	722.123786928936	313.428091893823	9.86100252860434	0
wef	94	69971	1	2498675	1	2.59122075756178	0.00134121114892693	3352.25210875615	3356.75422675108	0.00134161136087918	0.00267958950969213	5.18095692134966	3315.10919525995	666.209359226858	9.42826821019215	0
climate	55	70010	192	2498484	1	6.73717396966062	0.000708144675895199	10.2157505530579	10.2229904656478	0.000784985370727182	0.00156445556946183	3.02921615994296	355.46747488721	144.892963180817	6.50782780514149	0
england	50	70015	290	2498386	1	9.27384271127373	0.000597561598144964	6.14866490967747	6.15234173957797	0.000713623064297438	0.00142035366806335	2.43068893164	183.888682879403	92.2891836188526	5.75960445311939	0
sibley	40	70025	1	2498675	1	1.11831632694771	0.000570498239485701	1426.49025904517	1427.30453409497	0.000570898451437951	0.00114112914729124	5.16059976827225	1389.76946039973	278.814766300783	6.1477818497468	0
sars	39	70026	185	2498491	1	6.10982578625093	0.000482586778985768	7.51798920307591	7.52161930587944	0.000556625990152002	0.00110970422114413	2.67427097480762	182.033687168486	84.0565508692984	5.26668285612533	0
kong	36	70029	251	2498425	1	7.828214288634	0.000413355406279428	5.11490531131735	5.1170206719709	0.000513808606294155	0.00102342506254264	2.2012417527696	104.237729924139	56.4681977850119	4.69533052037768	4.78506123613442e-14
sustainable	35	70030	117	2498559	1	4.14595321209885	0.000452711346594967	10.6681963817481	10.6730284090701	0.000499536145008207	0.000996909580301067	3.07757918150436	236.067359493479	94.5709504860161	5.21532131409253	0
hong	33	70032	256	2498420	1	7.88276630458267	0.000368536962660332	4.59708774887604	4.5987827439599	0.000470991222436309	0.000938112971543907	2.06569211486075	82.2856676241042	46.589648776075	4.37237725132125	7.114309141798e-12
finance	32	70033	252	2498424	1	7.746386264711	0.000355865349183383	4.52854050490531	4.5301527919151	0.00045671876115036	0.000909749960909181	2.04647655849829	78.0750291495154	44.4805538641981	4.28750039090079	2.07964756526735e-11
goldman	31	70034	21	2498655	1	1.41835241466539	0.000434041848867163	52.6442833695242	52.6671433059045	0.000442446299864412	0.000884236347818646	4.44998027024876	634.278118559892	154.330513090564	5.31305280851944	0
sachs	31	70034	18	2498658	1	1.33652439074239	0.000435242484723913	61.4183305977783	61.4450742972461	0.000442446299864412	0.000884274182046382	4.53571014427464	676.839721440931	159.87905321698	5.3277496441526	0
hotel	30	70035	229	2498447	1	7.06448606535264	0.000336525301513233	4.67191132875056	4.6734842185894	0.000428173838578463	0.000853193788749218	2.08630598592494	76.5579935457115	43.0581181041422	4.1874572357889	4.34259295190031e-11
tech	28	70037	155	2498521	1	4.99150945930321	0.000337596063407829	6.44221407310723	6.4443898087048	0.000399628916006565	0.000797175720305204	2.48787876177654	109.039956702857	53.6719724269328	4.34821969945008	2.12496686913255e-13
beijing	27	70038	197	2498479	1	6.10982578625093	0.000306514700127384	4.88772043073854	4.88921916644815	0.000385356454720617	0.0007682567684844	2.14375625810884	73.4350748450026	40.5368459286553	4.02033703081684	1.59877777683448e-10
holiday	27	70038	135	2498541	1	4.41871329184219	0.000331327841166879	7.13245129522586	7.13481538593335	0.000385356454720617	0.000768935024990388	2.61126117728182	118.642232097303	55.9868562419679	4.34579349254772	6.7390537594747e-14
hubei	27	70038	128	2498548	1	4.22778123602185	0.000334129324832628	7.52250722543353	7.5250216846569	0.000385356454720617	0.000769011677584734	2.67498677489221	126.105714258236	58.2147984048237	4.38253857693669	2.19824158875781e-14
eu	26	70039	179	2498497	1	5.59158163473857	0.000299446053981934	5.17999256077856	5.18154426492311	0.000371083993434668	0.000740002846164793	2.21718329663862	76.5824154477631	41.2685001282115	4.00244038985983	1.11838316385615e-10
denly	25.5	70040.5	0.5	2498676.5	1	0.709185776856618	0.000363742462539435	1818.7498501413	1819.41164754678	0.000363942568435475	0.000727615134394795	5.16818983444091	890.915463701986	178.78355699006	4.90933712592694	0
dinner	25	70040	55	2498621	1	2.18208063794676	0.000334799874774974	16.2101165800588	16.215545662219	0.000356811532148719	0.000712809180982251	3.51815177289034	245.304313051283	83.7632495920295	4.56360607987134	0
marijuana	25	70040	37	2498639	1	1.69111249440874	0.000342003689915472	24.0961192406279	24.1043631438406	0.000356811532148719	0.000712992142826586	3.88588355739082	330.286975495778	98.5288783064442	4.66180018641199	0
root	24	70041	17	2498659	1	1.11831632694771	0.000335735467674522	50.3467150251237	50.3636239950214	0.00034253907086277	0.000684677488374747	4.42363417410605	481.314110023339	118.194771964435	4.6707259408063	0
ceos	23	70042	27	2498649	1	1.36380039871673	0.000317460886866074	30.3789592204065	30.3886065186285	0.000328266609576822	0.000656065036012266	4.07592944428526	352.882377897595	98.1862568699249	4.51147967977809	0
morris	23	70042	40	2498636	1	1.71838850238307	0.000312258131486825	20.5057974737744	20.512202678393	0.000328266609576822	0.000655943417750399	3.74250571056007	270.962185782202	85.2075516615991	4.43754261810082	0
stamler	23.5	70042.5	0.5	2498676.5	1	0.654633024790724	0.000335197947368025	1676.10280307139	1676.6648177892	0.000335398053264065	0.000670566414609787	5.16583056156699	819.620780558276	164.456114655947	4.71266093216722	0
scientific	22	70043	150	2498526	1	4.69147337158554	0.000253962355453386	5.23046428316563	5.23179304141741	0.000313994148290873	0.000626450446345943	2.22939054193817	65.6523685040109	35.2361265655679	3.69020607866966	2.47209730463993e-09
session	22	70043	160	2498516	1	4.96423345132888	0.000249960235930887	4.90356026546778	4.9047863455306	0.000313994148290873	0.000626361268096858	2.14786065644158	60.1052360690682	33.133785761085	3.6320531852492	7.14844816673832e-09
beer	21	70044	56	2498620	1	2.10025261402376	0.000277309817678929	13.3733461785485	13.3770558506082	0.000299721687004924	0.000598785321205554	3.32175456008683	174.849282969044	64.1392949951235	4.1242798590247	1.33226762955019e-15
eating	21	70044	105	2498571	1	3.43677700476615	0.000257699432018683	7.13245129522586	7.13428987493575	0.000299721687004924	0.000598367312048553	2.61126117728182	92.2759983340705	43.5440390944203	3.83262513405603	3.83757470245882e-11
smoke-free	21.5	70044.5	0.5	2498676.5	1	0.600080272724831	0.000306653432196615	1533.45575600148	1533.92613981112	0.000306853538092656	0.000613514438990983	5.16303734667531	748.331699419999	150.135900893841	4.5074114710667	0
surgery	21	70044	82	2498594	1	2.80942882135645	0.000266904306920431	9.13301690242336	9.13545527480288	0.000299721687004924	0.000598563447725459	2.90204057359852	121.088367805352	51.631394627307	3.96952429067398	6.66133814775094e-13
eng	20	70045	5	2498671	1	0.681900199358363	0.000283448165957726	142.649025904517	142.689471054322	0.000285449225718975	0.0005706948209445	4.87429558311561	562.629620201753	119.33181576403	4.31967525138166	0
forum	20	70045	100	2498576	1	3.27312095692014	0.000245428030493984	7.13245129522586	7.13420229852238	0.000285449225718975	0.000569922348080074	2.61126117728182	87.8816978933976	41.4703081090741	3.7402584198704	1.10839115663453e-10
lunch	20	70045	100	2498576	1	3.27312095692014	0.000245428030493984	7.13245129522586	7.13420229852238	0.000285449225718975	0.000569922348080074	2.61126117728182	87.8816978933976	41.4703081090741	3.7402584198704	1.10839115663453e-10
sustainability	20	70045	50	2498626	1	1.90932055820342	0.00026543862810648	14.2649025904517	14.268690127775	0.000285449225718975	0.000570328651885649	3.38886875594537	176.219155189389	63.0824621756658	4.04521464698159	2.22044604925031e-15
comox	19.5	70046.5	0.5	2498676.5	1	0.545527520658937	0.000278108917025206	1390.80870893158	1391.19561291428	0.000278309022921246	0.000556459207259652	5.15967833458539	677.049867568495	135.824290857648	4.29235906877786	0
humans	19	70046	148	2498528	1	4.55509333171386	0.00021194539550004	4.5782626557193	4.57923326061407	0.000271176764433026	0.000541063902494589	2.06044689897251	47.094566974804	26.7089105147558	3.31390111985227	1.93008319548937e-07
inclusive	19	70046	27	2498649	1	1.25469636681939	0.000260371041722279	25.0956619646836	25.1021979207315	0.000271176764433026	0.000541997689378272	3.92058923538955	258.015845833963	75.9932652323324	4.07106691185655	0
lunar	19	70046	25	2498651	1	1.20014435087072	0.000261171465626779	27.1033149218583	27.1103954544157	0.000271176764433026	0.000542013150950662	3.98471957280926	271.40465160775	78.0775952393992	4.08358204891447	0
transition	19	70046	117	2498559	1	3.70953708450949	0.000224351966019787	5.79130660723467	5.79260625069094	0.000271176764433026	0.000541302830444011	2.35668835019622	64.7970026085119	33.3363475358442	3.50788574425006	6.76588196579786e-09
**	18	70047	19	2498657	1	1.00921229505038	0.000249300276054329	33.7852956089646	33.7937204568662	0.000256904303147078	0.000513537416906793	4.15669531381634	294.077042498071	79.4521820229037	4.00478109938054	0
ball	18	70047	109	2498567	1	3.46405301274048	0.000213281200351837	5.88917996853512	5.89043634267582	0.000256904303147078	0.000512878960565307	2.37746399267312	62.7095920689786	32.0384918430109	3.42616756604029	1.32630222360319e-08
kicks	18	70047	16	2498660	1	0.927384271127373	0.000250500911911079	40.1200385356455	40.1300912244636	0.000256904303147078	0.000513559394570536	4.27868583819495	323.114557820566	83.5358612613213	4.02406821715855	0
mountain	18	70047	45	2498631	1	1.71838850238307	0.000238894765295832	14.2649025904517	14.2683112767142	0.000256904303147078	0.000513347022587269	3.38886875594537	158.596807471211	56.7737836904264	3.8376260786378	5.57331958361829e-14
nortje	18	70047	1	2498675	1	0.518244151512356	0.000256504091194828	641.920616570328	642.085314146216	0.000256904303147078	0.000513669311112379	5.1182211660017	606.246544128555	121.887416931995	4.1205038060486	0
**a	17	70048	10	2498666	1	0.736452215307032	0.00023862972233863	60.6258360094198	60.6403066468707	0.000242631841861129	0.000485076756263197	4.52879901708985	369.233370141678	87.422169098788	3.9445027797054	0
jan	17	70048	46	2498630	1	1.71838850238307	0.000224222092057633	13.1795295672652	13.1824854261426	0.000242631841861129	0.000484827743554643	3.3064065957534	139.71337197355	51.5363895468828	3.70634746051296	7.81263942428723e-13
sandberg	17.5	70048.5	0.5	2498676.5	1	0.490974768593043	0.000249564401853796	1248.16166186167	1248.47323640049	0.000249764507749836	0.000499400719137036	5.15556222611316	605.777664410259	121.523101297663	4.06594856470141	0
vision	17	70048	63	2498613	1	2.18208063794676	0.000217418488869385	9.62314857292378	9.62524133111445	0.000242631841861129	0.000484710243067931	2.96175842436595	103.449300002168	43.1871325196932	3.59388522644986	5.0339288293344e-11
core	16	70049	106	2498570	1	3.32767297286881	0.00018593691363669	5.38298210960442	5.38398323330003	0.00022835938057518	0.00045592488637497	2.26548634044009	49.6138699175018	26.3119176472076	3.16809162339545	2.48777940692335e-07
crawley	16	70049	7	2498669	1	0.627348183409694	0.000225557896909431	81.5137290882956	81.5321193531875	0.00022835938057518	0.000456568884830499	4.67266172194596	387.260496130599	87.3794129657338	3.84317492322008	0
female	16	70049	114	2498562	1	3.54588103666349	0.00018273521801869	5.00522897910587	5.00614381962701	0.00022835938057518	0.000455872925422039	2.17385586497452	44.9711724608205	24.5806517385567	3.11353943755104	5.97775295485548e-07
judy	16	70049	28	2498648	1	1.20014435087072	0.000217153445912183	20.3784322720739	20.3828585296415	0.00022835938057518	0.000456432127116347	3.73679205936568	187.628706727196	59.1254219787356	3.69997543537849	1.88737914186277e-14
lanka	16	70049	123	2498553	1	3.7913651084325	0.000179133310448441	4.63899271234202	4.63982390027329	0.00022835938057518	0.000455814483505213	2.07728260527947	40.4177819412517	22.7976600703594	3.05216822847607	1.47739425115923e-06
audience	15	70050	115	2498561	1	3.54588103666349	0.000168062544780492	4.65159867079948	4.65238059770971	0.000214086919289231	0.000427380867583161	2.08074646058304	38.0392170606071	21.4319253290492	2.95744943429711	3.01435172000986e-06
craft	15	70050	22	2498654	1	1.00921229505038	0.000205282256339733	24.3151748700882	24.3201674128869	0.000214086919289231	0.000427947847422327	3.89366090798254	199.396912067766	59.3115702691589	3.61241639935974	1.82076576038526e-14
disorders	15	70050	19	2498657	1	0.927384271127373	0.000206482892196483	28.1544130074705	28.1602276569368	0.000214086919289231	0.000427966162142113	4.01565143236115	219.536154443914	62.4438976607507	3.63354436597467	3.88578058618805e-15
embassy	15	70050	52	2498624	1	1.82749253428041	0.000193275897772236	10.2871893681142	10.2891780596277	0.000214086919289231	0.000427764786402783	3.03702508315372	97.6119514678024	39.6731316938727	3.40113673321051	3.1019187218817e-10
bloomberg	14	70051	113	2498563	1	3.46405301274048	0.000154590507399043	4.41833266075938	4.41901582955427	0.000199814458003283	0.000398905858217461	2.01489391328841	32.945375991607	18.9603076979934	2.81585794995998	1.08253149344595e-05
bolsonaro	14	70051	19	2498657	1	0.900108263153039	0.000192210430910534	26.2774521403058	26.2825039501296	0.000199814458003283	0.000399440782903934	3.95918448070213	196.000245735703	56.9151300290633	3.50110287527275	6.32827124036339e-14
brexit	14	70051	77	2498599	1	2.48211672566444	0.000168998137680039	6.48404663202351	6.48514264282776	0.000199814458003283	0.000399110553623354	2.49578395986188	54.9476220812862	26.9729500761489	3.07829217667551	1.86644207200715e-07
ryan	14	70051	82	2498594	1	2.61849676553611	0.00016699707791879	6.08867793494891	6.08969492958266	0.000199814458003283	0.000399082111144368	2.41861609933942	50.8597022867574	25.6269523024172	3.04184297852057	3.68041496612292e-07
monetary	13	70052	106	2498570	1	3.24584494894581	0.000143119529778843	4.37367296405359	4.37429903823467	0.000185541996717334	0.000370454804513849	2.00184563283612	30.1357518726302	17.4160582662042	2.70532270603362	2.43138200544113e-05
nissan	13	70052	18	2498658	1	0.84555624720437	0.000178338181576836	25.7560741216489	25.760668265479	0.000185541996717334	0.000370919881305638	3.94246708575719	179.61528311164	52.4780467853809	3.37104469752024	6.00852700927135e-13
shanghai	13	70052	81	2498595	1	2.56394474958744	0.000153124828585091	5.7235720270331	5.72444861066171	0.000185541996717334	0.000370586809960233	2.34207454446643	43.6707189730328	22.5771624816526	2.89444827179686	1.76419665254279e-06
smoking	13	70052	25	2498651	1	1.03648830302471	0.000175536697911086	18.5443733675872	18.5476291897448	0.000185541996717334	0.000370882843815529	3.64873588270048	141.961228381862	46.2062143728246	3.31808953910653	1.31901156663616e-11
themes	13	70052	12	2498664	1	0.681900199358363	0.000180739453290335	38.6341111824734	38.6410951864329	0.000185541996717334	0.000370951633613925	4.25280720636934	228.760595465428	59.694038447446	3.41643483330342	1.765254609154e-14
2003	12	70053	77	2498599	1	2.42756470971577	0.000140453215108142	5.55775425602015	5.55853499419085	0.000171269535431385	0.0003421045129287	2.30545274775773	38.8060539055389	20.3086675589581	2.76333050034769	5.71834629370382e-06
admissions	12	70053	44	2498632	1	1.52745644656273	0.000153660209532389	9.72606994803527	9.72756471398928	0.000171269535431385	0.0003422655124713	2.97383125666653	73.8168238733835	30.6842459045227	3.02316998129047	3.09318034519279e-08
chancellor	12	70053	80	2498596	1	2.50939273363877	0.000139252579251392	5.3493384714194	5.35008350820093	0.000171269535431385	0.000342089884117052	2.25762422266712	36.9016083273831	19.6209763134473	2.73970872935289	8.10529537664806e-06
der	12	70053	13	2498663	1	0.681900199358363	0.000166066780052136	32.9190059779655	32.9244736677395	0.000171269535431385	0.0003424168925667	4.13732998894941	193.126033030124	52.5455058343846	3.26726161490338	6.32716101733877e-13
dubrow	12.5	70053.5	0.5	2498676.5	1	0.354592888428309	0.000178203113925271	891.54404418691	891.702948460819	0.000178403219821311	0.00035674025028896	5.13962068224414	427.668109474016	85.8345628521484	3.43524824984666	0
ig	12	70053	44	2498632	1	1.52745644656273	0.000153660209532389	9.72606994803527	9.72756471398928	0.000171269535431385	0.0003422655124713	2.97383125666653	73.8168238733835	30.6842459045227	3.02316998129047	3.09318034519279e-08
leyen	12	70053	6	2498670	1	0.490968143538021	0.000168868263717886	71.3245129522586	71.3365594621215	0.000171269535431385	0.000342451093703181	4.61126117728182	277.356077033749	63.8612394242352	3.32237908055791	2.66453525910038e-15
mainsail	12.5	70053.5	0.5	2498676.5	1	0.354592888428309	0.000178203113925271	891.54404418691	891.702948460819	0.000178403219821311	0.00035674025028896	5.13962068224414	427.668109474016	85.8345628521484	3.43524824984666	0
moh	12	70053	37	2498639	1	1.33652439074239	0.000156461693198138	11.5661372355014	11.5679472029093	0.000171269535431385	0.000342299683372793	3.16647633460892	87.4660124737514	33.9373743598135	3.07828744694499	6.10239414555735e-09
smokers	12	70053	2	2498674	1	0.381864111640683	0.000170469111526885	213.973538856776	214.010020984112	0.000171269535431385	0.000342470640277401	4.97383125666653	363.393201684408	75.0712903613216	3.35387477521764	0
thunberg	12	70053	4	2498672	1	0.436416127589352	0.000169668687622386	106.986769428388	107.004924842619	0.000171269535431385	0.000342460866711377	4.78118617872413	314.990311125919	68.6704237066139	3.33812692788777	2.22044604925031e-16
von	12	70053	14	2498662	1	0.709176207332697	0.000165666568099886	30.5676484081108	30.5727133129814	0.000171269535431385	0.000342412007247721	4.08074646058304	184.804214348183	51.3284997954626	3.25938769123844	1.14552811680824e-12
badge	11	70054	4	2498672	1	0.409140119615018	0.000155396226336437	98.0712053093556	98.0864475975676	0.000156997074145436	0.000313926940639269	4.74876470103175	281.840424937176	62.0638813823886	3.19327123997527	7.66053886991358e-15
leg	11	70054	34	2498642	1	1.22742035884505	0.000143389867768939	11.5377888599242	11.5394435217202	0.000156997074145436	0.000313792611610327	3.1638022003106	79.9913625737578	31.0669738696931	2.94654993654147	2.67347909366222e-08
skin	11	70054	30	2498646	1	1.11831632694771	0.000144990715577939	13.0761607079141	13.0780569275131	0.000156997074145436	0.000313810515505092	3.29810329202219	89.7665498240994	33.2118079373475	2.97944611033265	9.20267617665615e-09
soros	11	70054	2	2498674	1	0.354588103666349	0.000156196650240937	196.142410618711	196.173052216861	0.000156997074145436	0.000313935899997146	4.95521557849918	328.558985633277	68.1883353378622	3.20971932687086	4.44089209850063e-16
syndrome	11	70054	76	2498600	1	2.3730126937671	0.000126580965774443	5.16164238470293	5.16229585297357	0.000156997074145436	0.000313604743984491	2.21271180079154	32.2435861381148	17.400240006623	2.60114011173415	2.5766557951723e-05
wildlife	11	70054	77	2498599	1	2.40028870174144	0.000126180753822193	5.09460806801847	5.095251010445	0.000156997074145436	0.000313600273687512	2.19622367800297	31.6759401079244	17.1868434604431	2.59291606828635	2.87227283370939e-05
assessments	10	70055	37	2498639	1	1.28197237479372	0.000127916770626241	9.63844769625116	9.63968079134734	0.000142724612859488	0.000285257873117298	2.9635629212127	60.9503401354855	25.4282868193934	2.75688776622098	4.67637018553013e-07
bats	10	70055	56	2498620	1	1.80021652630608	0.000120312743533493	6.36826008502309	6.36902637723421	0.000142724612859488	0.000285180590609003	2.47375765353188	38.3973767846304	18.9899569657886	2.59300425694084	1.1886093001845e-05
mandate	10	70055	60	2498616	1	1.90932055820342	0.000118711895724493	5.94370941268822	5.94441510241953	0.000142724612859488	0.000285164325942825	2.38886875594537	35.2462849028787	17.9382202833879	2.55850246551345	2.02416548916728e-05
marks	10	70055	49	2498627	1	1.60928447048574	0.000123114227199242	7.27801152574068	7.27890768040854	0.000142724612859488	0.00028520905823969	2.6355087235285	44.9764860826583	21.0468422077041	2.65338239193879	4.21058676192132e-06
queen	10	70055	64	2498612	1	2.01842459010075	0.000117111047915493	5.5722275743952	5.57288023695668	0.000142724612859488	0.000285148063131781	2.30869840726139	32.4479749061318	16.9628210818852	2.52400067408605	3.32030265427496e-05
revolution	10	70055	25	2498651	1	0.954660279101708	0.00013271931405324	14.2649025904517	14.2667960887874	0.000142724612859488	0.000285306704707561	3.38886875594537	88.1083770543383	31.5400303972292	2.86039314050317	2.23615352901163e-08
ski	10	70055	24	2498652	1	0.927384271127373	0.00013311952600549	14.8592735317205	14.8612518735279	0.000142724612859488	0.000285310774761409	3.43068893164	91.2475953307367	32.1693690830951	2.86901858836002	1.63763970162378e-08
snow	10	70055	44	2498632	1	1.47290443061406	0.000125115286960492	8.10505829002939	8.10607250147611	0.000142724612859488	0.000285229395741525	2.76326427072687	50.7513027082504	22.719766942651	2.69650963122304	1.81583351732684e-06
transmitted	10	70055	81	2498595	1	2.48211672566444	0.000110307444727245	4.40274771310238	4.40323343827733	0.000142724612859488	0.000285078966873824	2.01035713269164	23.4096388387844	13.4919143579552	2.37736806051961	0.000195303114811862
treaty	10	70055	11	2498665	1	0.572796167461025	0.000138322281384739	32.4202331601176	32.4247182408627	0.000142724612859488	0.000285363696030591	4.12583435011158	159.506951170406	43.5801232649342	2.98114941049906	6.09756689584628e-11
addiction	9	70056	22	2498654	1	0.84555624720437	0.000119647488624041	14.5891049220529	14.5908506960665	0.000128452151573539	0.000256790687057749	3.41195236905841	80.8466061923204	28.6979554018412	2.71815267934672	9.76147008779904e-08
amna	9.5	70056.5	0.5	2498676.5	1	0.272763760329469	0.000135386341168156	677.573473582051	677.665220215112	0.000135586447064197	0.000271134197157372	5.12220362916673	320.899350229077	64.491551380848	2.9937162876632	8.14903700074865e-14
anderson	9	70056	57	2498619	1	1.80021652630608	0.000105640070295294	5.6308826014941	5.63147752474712	0.000128452151573539	0.000256662531548103	2.32175456008683	29.6029954177174	15.4083409222399	2.39993202884354	7.58103554056033e-05
bomb	9	70056	17	2498659	1	0.709176207332697	0.00012164854838529	18.8800181344214	18.8823151562783	0.000128452151573539	0.000256809005435791	3.66570896130419	99.6451078208113	32.2310117199337	2.76361277227574	1.7119951456479e-08
boundary	9	70056	7	2498669	1	0.436416127589352	0.000125650667907789	45.8514726121663	45.8572346204669	0.000128452151573539	0.000256845650033533	4.36614867944529	172.752124541595	43.2896503481811	2.8545329581338	8.03053179510016e-11
buzyn	9	70056	1	2498675	1	0.272760079743345	0.000128051939621289	320.960308285164	321.00141315519	0.000128452151573539	0.000256867641812344	5.04422058455792	287.068199086041	58.3862281846398	2.90908506964863	8.14903700074865e-14
cigarette	9	70056	6	2498670	1	0.409140119615018	0.000126050879860039	53.493384714194	53.5001284686536	0.000128452151573539	0.000256849315068493	4.45925808383677	185.444565903911	44.9740520279061	2.8636249767196	3.60163010526549e-11
cloudflare	9	70056	15	2498661	1	0.654624191384028	0.00012244897228979	21.3973538856776	21.3999743062693	0.000128452151573539	0.000256816333518812	3.78118617872413	109.374020471998	33.9070938758936	2.78179680944735	7.52758300137657e-09
courtenay	9.5	70056.5	0.5	2498676.5	1	0.272763760329469	0.000135386341168156	677.573473582051	677.665220215112	0.000135586447064197	0.000271134197157372	5.12220362916673	320.899350229077	64.491551380848	2.9937162876632	8.14903700074865e-14
deserve	9	70056	41	2498635	1	1.36380039871673	0.000112043461531292	7.82830020207716	7.82917742461083	0.000128452151573539	0.000256721101048278	2.72229248967056	43.9564444858241	19.9606693372606	2.54540432621642	7.59578575193487e-06
ecosystem	9	70056	32	2498644	1	1.11831632694771	0.000115645369101542	10.0300096339114	10.0311697070915	0.000128452151573539	0.00025675405814053	3.0085966748272	57.107170163334	23.446516342155	2.62723249348867	1.32543887765291e-06
firmwide	9.5	70056.5	0.5	2498676.5	1	0.272763760329469	0.000135386341168156	677.573473582051	677.665220215112	0.000135586447064197	0.000271134197157372	5.12220362916673	320.899350229077	64.491551380848	2.9937162876632	8.14903700074865e-14
greta	9	70056	6	2498670	1	0.409140119615018	0.000126050879860039	53.493384714194	53.5001284686536	0.000128452151573539	0.000256849315068493	4.45925808383677	185.444565903911	44.9740520279061	2.8636249767196	3.60163010526549e-11
hosted	9	70056	66	2498610	1	2.04570059807509	0.000102038162725045	4.86303497401763	4.86353125291974	0.000128452151573539	0.000256629597946963	2.13732998894941	24.3045592121021	13.4438685429198	2.3181038615713	0.000206493974574729
hosts	9	70056	37	2498639	1	1.25469636681939	0.000113644309340292	8.67460292662605	8.67558887253132	0.000128452151573539	0.000256735747600234	2.84258672338827	49.1537215039481	21.4017628600565	2.58177240055964	3.68529844207988e-06
imf	9	70056	58	2498618	1	1.82749253428041	0.000105239858343044	5.53379841870972	5.53438086968849	0.000128452151573539	0.00025665887184167	2.30005948898751	28.9406383672056	15.1728046177925	2.39084001025774	8.54591068880639e-05
macron	9	70056	38	2498638	1	1.28197237479372	0.000113244097388042	8.44632390224115	8.4472805214475	0.000128452151573539	0.000256732085805568	2.81155982776765	47.7696774965053	21.0268229999926	2.57268038197384	4.44737614757607e-06
maharaj	9	70056	2	2498674	1	0.30003608771768	0.000127651727669039	160.480154142582	160.500642343268	0.000128452151573539	0.000256863976254352	4.90671706080799	259.34246856729	54.5121255996277	2.89999305106282	4.37094804794924e-13
nato	9	70056	7	2498669	1	0.436416127589352	0.000125650667907789	45.8514726121663	45.8572346204669	0.000128452151573539	0.000256845650033533	4.36614867944529	172.752124541595	43.2896503481811	2.8545329581338	8.03053179510016e-11
ngos	9	70056	25	2498651	1	0.927384271127373	0.000118446852767291	12.8384123314066	12.8399331963001	0.000128452151573539	0.000256779697285268	3.27868583819495	72.2412004852878	26.916479642421	2.6908766235893	2.35830354688993e-07
resistance	9	70056	36	2498640	1	1.22742035884505	0.000114044521292542	8.91556411903233	8.91658102089757	0.000128452151573539	0.000256739409499358	2.87429558311561	50.6005245851964	21.7872816940166	2.59086441914545	3.03810509005853e-06
schwab	9	70056	1	2498675	1	0.272760079743345	0.000128051939621289	320.960308285164	321.00141315519	0.000128452151573539	0.000256867641812344	5.04422058455792	287.068199086041	58.3862281846398	2.90908506964863	8.14903700074865e-14
snake	9	70056	9	2498667	1	0.490968143538021	0.00012485024400329	35.6622564761293	35.6667094895512	0.000128452151573539	0.000256838320277385	4.19622367800297	151.607400331684	40.3770124319019	2.83634892096219	3.24780313754047e-10
tonight	9	70056	71	2498605	1	2.18208063794676	0.000100037102963795	4.52056772232625	4.52102000492162	0.000128452151573539	0.00025661130515361	2.04422058455792	21.9006408362212	12.4854620975103	2.27264376864227	0.000337553005080204
antibiotic	8	70057	7	2498669	1	0.409140119615018	0.000111378206621841	40.7568645441478	40.7614044889977	0.00011417969028759	0.000228310502283105	4.28933308239446	144.784739870868	37.2882795391067	2.68377842736615	1.65992997125386e-09
bacteria	8	70057	34	2498642	1	1.14559233492205	0.000100572483911093	8.39111917085395	8.3919631829208	0.00011417969028759	0.000228222574065357	2.80390625522421	42.1625855088007	18.6085199474957	2.42340284418166	1.5763489880749e-05
brewing	8	70057	13	2498663	1	0.572796167461025	0.000108976934908341	21.9460039853103	21.9483958666624	0.00011417969028759	0.000228290956824473	3.80390625522421	99.0066816955584	30.4376071812811	2.62591718665849	4.53241245645941e-08
crowd	8	70057	47	2498629	1	1.5001804385884	9.53697285318443e-05	6.07017131508584	6.07075029178368	0.00011417969028759	0.000228180262407302	2.41486396447831	28.9520135916971	14.6064344197524	2.29803682264838	0.000118707711715738
cumberland	8	70057	9	2498667	1	0.463692135563687	0.000110577782717341	31.6997835343372	31.7032892263918	0.00011417969028759	0.000228303986758369	4.10876083675264	125.921758257109	34.6184396875525	2.66449134713026	5.97118743339564e-09
disorder	8	70057	25	2498651	1	0.900108263153039	0.000104174391481342	11.4119220723614	11.4131110381546	0.00011417969028759	0.000228251875945105	3.15182955864452	57.5737683028811	22.4568063858339	2.51019470524315	2.3076935420363e-06
e	8	70057	65	2498611	1	1.99114858212642	8.81659133913459e-05	4.38920079706207	4.38958781914946	0.00011417969028759	0.000228121702928512	2.00639911912296	18.6424066067868	10.7579633450113	2.12445310052538	0.00084985137733673
heath	8	70057	11	2498665	1	0.518244151512356	0.000109777358812841	25.936186528094	25.939034059279	0.00011417969028759	0.000228297471605502	3.94829616455939	111.041734879515	32.373273382037	2.64520426689437	1.76783800931446e-08
judgment	8	70057	31	2498645	1	1.06376431099905	0.000101773119767843	9.20316296158176	9.20409970314495	0.00011417969028759	0.000228232340522652	2.91082145914073	46.4963898238255	19.7637376237639	2.45233346453549	8.83760817393942e-06
kxno	8.5	70057.5	0.5	2498676.5	1	0.245487384296522	0.000121114083582452	606.249950047098	606.323384362845	0.000121314189478492	0.000242597217267214	5.11374205041853	285.342032853458	57.3960733378767	2.83127915363972	2.68973732175937e-12
overheard	8	70057	1	2498675	1	0.245484071769011	0.00011377947833534	285.298051809034	285.330516579357	0.00011417969028759	0.000228330051088849	5.02629867656066	251.824488454836	51.4051790938829	2.74163966807382	2.68940425485198e-12
ruled	8	70057	47	2498629	1	1.5001804385884	9.53697285318443e-05	6.07017131508584	6.07075029178368	0.00011417969028759	0.000228180262407302	2.41486396447831	28.9520135916971	14.6064344197524	2.29803682264838	0.000118707711715738
semester	8	70057	62	2498614	1	1.90932055820342	8.93665492480956e-05	4.60158148079088	4.60199275520809	0.00011417969028759	0.00022813146075426	2.06694066105801	19.9744506541526	11.3041116284218	2.15338372087922	0.000641387694108042
slurry	8.5	70057.5	0.5	2498676.5	1	0.245487384296522	0.000121114083582452	606.249950047098	606.323384362845	0.000121314189478492	0.000242597217267214	5.11374205041853	285.342032853458	57.3960733378767	2.83127915363972	2.68973732175937e-12
swiss	8	70057	34	2498642	1	1.14559233492205	0.000100572483911093	8.39111917085395	8.3919631829208	0.00011417969028759	0.000228222574065357	2.80390625522421	42.1625855088007	18.6085199474957	2.42340284418166	1.5763489880749e-05
tufton	8	70057	2	2498674	1	0.272760079743345	0.00011337926638309	142.649025904517	142.665201193314	0.00011417969028759	0.000228326792722083	4.87429558311561	225.050533899605	47.7314119606277	2.73199612795587	1.31212818388349e-11
ursula	8	70057	5	2498671	1	0.354588103666349	0.000112178630526341	57.0596103618069	57.0660119616883	0.00011417969028759	0.000228317018179743	4.49578395986188	169.468968097187	40.5821318962707	2.70306550760204	3.48657436255451e-10
wagonr	8.5	70057.5	0.5	2498676.5	1	0.245487384296522	0.000121114083582452	606.249950047098	606.323384362845	0.000121314189478492	0.000242597217267214	5.11374205041853	285.342032853458	57.3960733378767	2.83127915363972	2.68973732175937e-12
wickets	8.5	70057.5	0.5	2498676.5	1	0.245487384296522	0.000121114083582452	606.249950047098	606.323384362845	0.000121314189478492	0.000242597217267214	5.11374205041853	285.342032853458	57.3960733378767	2.83127915363972	2.68973732175937e-12
144	7	70058	17	2498659	1	0.654624191384028	9.31036258133928e-05	14.6844585489944	14.6858258619329	9.99072290016413e-05	0.000199746037181298	3.41861609933942	63.2320229957595	22.3907385526338	2.39832989136013	2.58102101535762e-06
2019-ncov	7	70058	42	2498634	1	1.33652439074239	8.3098327007145e-05	5.94370941268822	5.94420337434697	9.99072290016413e-05	0.000199674815300796	2.38886875594537	24.6721977260931	12.5565524796556	2.14059549069233	0.000352789280581911
56	7	70058	48	2498628	1	1.5001804385884	8.06970552936456e-05	5.20074573610219	5.20116546290217	9.99072290016413e-05	0.000199657729606389	2.22221888653592	20.7287472238584	11.151172471609	2.07873923453206	0.000722981867807171
belvedere	7	70058	3	2498673	1	0.272760079743345	9.87065931448916e-05	83.211931777635	83.2201461646065	9.99072290016413e-05	0.000199785943631823	4.68165050517322	170.570957523943	38.373776516729	2.5426611557341	1.25332411116119e-09
burnside	7.5	70058.5	0.5	2498676.5	1	0.218211008263575	0.000106841825996747	534.926426512146	534.983585146699	0.000107041931892787	0.000214059422895796	5.10309480621902	249.810916718356	50.3137812443361	2.65893727485156	8.76960726259313e-11
coal	7	70058	30	2498646	1	1.00921229505038	8.7900870434144e-05	8.3211931777635	8.32192469097034	9.99072290016413e-05	0.000199708995463753	2.79412523443163	36.5596437036143	16.190949397483	2.26430800301287	5.6254222707719e-05
confidential	7	70058	25	2498651	1	0.872832255178704	8.99019301953935e-05	9.98543181331621	9.9863296126067	9.99072290016413e-05	0.000199723240652239	3.00357860006058	44.2185539401888	18.1872007064716	2.31585488314643	2.07236434232039e-05
crystal	7	70058	16	2498660	1	0.627348183409694	9.35038377656427e-05	15.6022372083066	15.6036962231294	9.99072290016413e-05	0.000199748887113343	3.48001664400357	66.5496839180213	23.0428691724811	2.40863926738684	1.87262582485026e-06
enzyme	7.5	70058.5	0.5	2498676.5	1	0.218211008263575	0.000106841825996747	534.926426512146	534.983585146699	0.000107041931892787	0.000214059422895796	5.10309480621902	249.810916718356	50.3137812443361	2.65893727485156	8.76960726259313e-11
gay	7	70058	17	2498659	1	0.654624191384028	9.31036258133928e-05	14.6844585489944	14.6858258619329	9.99072290016413e-05	0.000199746037181298	3.41861609933942	63.2320229957595	22.3907385526338	2.39832989136013	2.58102101535762e-06
globalization	7	70058	14	2498662	1	0.572796167461025	9.43042616701426e-05	17.8311282380647	17.8328099574638	9.99072290016413e-05	0.000199754587221414	3.61126117728182	74.1409191660232	24.4658174679739	2.42925801944026	9.31898122003005e-07
goa	7	70058	19	2498657	1	0.709176207332697	9.2303201908893e-05	13.1387260701529	13.1399389378124	9.99072290016413e-05	0.00019974033756117	3.30313888191949	57.3687850666388	21.1863394436344	2.3777111393067	4.67571933482347e-06
hiv/aids	7	70058	10	2498666	1	0.463692135563687	9.59051094791422e-05	24.9635795332905	24.9659739073339	9.99072290016413e-05	0.000199765988413573	3.91611575881024	94.7214887738097	27.9433843054619	2.47049552354711	1.71594659814645e-07
homeland	7	70058	36	2498640	1	1.17286834289638	8.54995987206445e-05	6.93432764813625	6.93492058960671	9.99072290016413e-05	0.000199691903919667	2.57731384535848	29.7630914697889	14.2090161212366	2.2024517468526	0.000152619248994901
igaming	7.5	70058.5	0.5	2498676.5	1	0.218211008263575	0.000106841825996747	534.926426512146	534.983585146699	0.000107041931892787	0.000214059422895796	5.10309480621902	249.810916718356	50.3137812443361	2.65893727485156	8.76960726259313e-11
jamaica	7	70058	34	2498642	1	1.11831632694771	8.63000226251443e-05	7.34222927449721	7.34286297236072	9.99072290016413e-05	0.000199697600775968	2.64602659544249	31.8021122422308	14.8278584636655	2.22307049890603	0.000111670068568381
lambertini	7.5	70058.5	0.5	2498676.5	1	0.218211008263575	0.000106841825996747	534.926426512146	534.983585146699	0.000107041931892787	0.000214059422895796	5.10309480621902	249.810916718356	50.3137812443361	2.65893727485156	8.76960726259313e-11
mellata	7.5	70058.5	0.5	2498676.5	1	0.218211008263575	0.000106841825996747	534.926426512146	534.983585146699	0.000107041931892787	0.000214059422895796	5.10309480621902	249.810916718356	50.3137812443361	2.65893727485156	8.76960726259313e-11
merkel	7	70058	25	2498651	1	0.872832255178704	8.99019301953935e-05	9.98543181331621	9.9863296126067	9.99072290016413e-05	0.000199723240652239	3.00357860006058	44.2185539401888	18.1872007064716	2.31585488314643	2.07236434232039e-05
nawaz	7	70058	1	2498675	1	0.218208063794676	9.95070170493914e-05	249.635795332905	249.660638328242	9.99072290016413e-05	0.000199791645855037	5.00357860006058	216.685500860584	44.4521311739587	2.56327990778752	8.7687856975549e-11
oh	7	70058	49	2498627	1	1.52745644656273	8.02968433413957e-05	5.09460806801847	5.09501718983862	9.99072290016413e-05	0.000199654882274925	2.19622367800297	20.15716531654	10.9368310698722	2.06842985850535	0.000806952333979094
rabada	7.5	70058.5	0.5	2498676.5	1	0.218211008263575	0.000106841825996747	534.926426512146	534.983585146699	0.000107041931892787	0.000214059422895796	5.10309480621902	249.810916718356	50.3137812443361	2.65893727485156	8.76960726259313e-11
rainaldi	7.5	70058.5	0.5	2498676.5	1	0.218211008263575	0.000106841825996747	534.926426512146	534.983585146699	0.000107041931892787	0.000214059422895796	5.10309480621902	249.810916718356	50.3137812443361	2.65893727485156	8.76960726259313e-11
rewards	7	70058	15	2498661	1	0.600072175435359	9.39040497178927e-05	16.642386355527	16.6439492991521	9.99072290016413e-05	0.000199751737126714	3.54414698142328	70.1714991060184	23.7330973831422	2.41894864341355	1.33434866311788e-06
salesforce	7	70058	1	2498675	1	0.218208063794676	9.95070170493914e-05	249.635795332905	249.660638328242	9.99072290016413e-05	0.000199791645855037	5.00357860006058	216.685500860584	44.4521311739587	2.56327990778752	8.7687856975549e-11
seafood	7	70058	36	2498640	1	1.17286834289638	8.54995987206445e-05	6.93432764813625	6.93492058960671	9.99072290016413e-05	0.000199691903919667	2.57731384535848	29.7630914697889	14.2090161212366	2.2024517468526	0.000152619248994901
sg	7	70058	1	2498675	1	0.218208063794676	9.95070170493914e-05	249.635795332905	249.660638328242	9.99072290016413e-05	0.000199791645855037	5.00357860006058	216.685500860584	44.4521311739587	2.56327990778752	8.7687856975549e-11
slide	7	70058	47	2498629	1	1.47290443061406	8.10972672458955e-05	5.31139990070011	5.31183068375565	9.99072290016413e-05	0.000199660577019068	2.24869109789711	21.3225372406565	11.3708179366355	2.08904861055877	0.000646074247941053
venue	7	70058	47	2498629	1	1.47290443061406	8.10972672458955e-05	5.31139990070011	5.31183068375565	9.99072290016413e-05	0.000199660577019068	2.24869109789711	21.3225372406565	11.3708179366355	2.08904861055877	0.000646074247941053
wang	7	70058	19	2498657	1	0.709176207332697	9.2303201908893e-05	13.1387260701529	13.1399389378124	9.99072290016413e-05	0.00019974033756117	3.30313888191949	57.3687850666388	21.1863394436344	2.3777111393067	4.67571933482347e-06
$750	6	70059	7	2498669	1	0.354588103666349	8.28332840499432e-05	30.5676484081108	30.5701806436616	8.56347677156926e-05	0.000171237763634807	4.08074646058304	92.4016395389846	25.6637822262138	2.3047324473119	5.98836695897553e-07
76	6	70059	33	2498643	1	1.06376431099905	7.24277732914455e-05	6.48404663202351	6.48451629730266	8.56347677156926e-05	0.000171174255391989	2.49578395986188	23.5485041737749	11.5593589926607	2.01521213490339	0.000619451392408155
anorexia	6.5	70059.5	0.5	2498676.5	1	0.190934632230628	9.25695684110417e-05	463.602902977193	463.645822479464	9.27696743070819e-05	0.000185520814008249	5.08928900669399	214.317219027012	43.2483242375381	2.47462216344152	2.81484324737846e-09
asf	6.5	70059.5	0.5	2498676.5	1	0.190934632230628	9.25695684110417e-05	463.602902977193	463.645822479464	9.27696743070819e-05	0.000185520814008249	5.08928900669399	214.317219027012	43.2483242375381	2.47462216344152	2.81484324737846e-09
battery	6	70059	39	2498637	1	1.22742035884505	7.0026501577946e-05	5.48650099632759	5.486885229702	8.56347677156926e-05	0.000171159606332905	2.28933308239446	19.0779201384964	10.0376881864318	1.94839975511681	0.00134550872186945
bench	6	70059	36	2498640	1	1.14559233492205	7.12271374346958e-05	5.94370941268822	5.9441328023523	8.56347677156926e-05	0.000171166930549018	2.38886875594537	21.1475404213017	10.7627016353695	1.9818059450101	0.000928965720199848
bess	6	70059	1	2498675	1	0.190932055820342	8.52345557634427e-05	213.973538856776	213.991778358241	8.56347677156926e-05	0.000171252426076036	4.97383125666653	181.696105704831	37.535150003209	2.37154482709848	2.81461620676993e-09
bets	6	70059	18	2498658	1	0.654624191384028	7.84309525751942e-05	11.8874188253764	11.8883512468063	8.56347677156926e-05	0.000171210889012541	3.19622367800297	44.8723554418918	17.2248823629253	2.18224308436984	3.62676378777849e-05
betting	6	70059	19	2498657	1	0.681900199358363	7.80307406229442e-05	11.2617652029882	11.2626440421269	8.56347677156926e-05	0.00017120844628335	3.13732998894941	42.6389741852037	16.7182784414441	2.17110768773874	4.66153801511604e-05
bias	6	70059	35	2498641	1	1.11831632694771	7.16273493869457e-05	6.11352968162217	6.11396761505099	8.56347677156926e-05	0.000171169372093687	2.42363417410605	21.9074539340525	11.0197349259866	1.9929413416412	0.00081494938650073
billionaire	6	70059	31	2498645	1	1.00921229505038	7.32281971959453e-05	6.90237222118632	6.9028777127481	8.56347677156926e-05	0.000171179138968931	2.57173281309518	25.3730273745722	12.1363378063507	2.03748292816558	0.000462402598874423
breast	6	70059	23	2498653	1	0.791004231255701	7.64298928139446e-05	9.30319734159895	9.30390844486976	8.56347677156926e-05	0.000171198676063572	2.92320518359656	35.2650478868087	14.9241866494558	2.12656610121436	0.000113860497831353
brewery	6	70059	9	2498667	1	0.409140119615018	8.20328601454434e-05	23.7748376507529	23.7767881357142	8.56347677156926e-05	0.000171232876712329	3.87429558311561	78.5412947719609	23.5288704143674	2.28246165404971	1.66620142749707e-06
britons	6	70059	22	2498654	1	0.763728223281366	7.68301047661945e-05	9.72606994803527	9.72681726700482	8.56347677156926e-05	0.000171201118513974	2.97383125666653	36.9080096202266	15.3417206063763	2.13770149784545	9.24393307621951e-05
casino	6	70059	38	2498638	1	1.20014435087072	7.04267135301959e-05	5.6308826014941	5.63127920001262	8.56347677156926e-05	0.00017116204766863	2.32175456008683	19.7351612522108	10.2720582459241	1.95953515174791	0.00119343332205757
cfds	6	70059	20	2498656	1	0.709176207332697	7.76305286706943e-05	10.6986769428388	10.6995075579155	8.56347677156926e-05	0.00017120600362386	3.08074646058304	40.5795481687751	16.2369650037795	2.15997229110765	5.91972783960948e-05
commonwealth	6	70059	47	2498629	1	1.44562842263973	6.68248059599467e-05	4.55262848631438	4.55293274088435	8.56347677156926e-05	0.000171140078153969	2.05326572416093	14.7509358937335	8.38488419349067	1.85931658206804	0.00315255343264365
conte	6	70059	23	2498653	1	0.791004231255701	7.64298928139446e-05	9.30319734159895	9.30390844486976	8.56347677156926e-05	0.000171198676063572	2.92320518359656	35.2650478868087	14.9241866494558	2.12656610121436	0.000113860497831353
crack	6	70059	23	2498653	1	0.791004231255701	7.64298928139446e-05	9.30319734159895	9.30390844486976	8.56347677156926e-05	0.000171198676063572	2.92320518359656	35.2650478868087	14.9241866494558	2.12656610121436	0.000113860497831353
crews	6	70059	36	2498640	1	1.14559233492205	7.12271374346958e-05	5.94370941268822	5.9441328023523	8.56347677156926e-05	0.000171166930549018	2.38886875594537	21.1475404213017	10.7627016353695	1.9818059450101	0.000928965720199848
diet	6	70059	31	2498645	1	1.00921229505038	7.32281971959453e-05	6.90237222118632	6.9028777127481	8.56347677156926e-05	0.000171179138968931	2.57173281309518	25.3730273745722	12.1363378063507	2.03748292816558	0.000462402598874423
diversity	6	70059	36	2498640	1	1.14559233492205	7.12271374346958e-05	5.94370941268822	5.9441328023523	8.56347677156926e-05	0.000171166930549018	2.38886875594537	21.1475404213017	10.7627016353695	1.9818059450101	0.000928965720199848
dlc	6	70059	2	2498674	1	0.218208063794676	8.48343438111928e-05	106.986769428388	106.99584635807	8.56347677156926e-05	0.00017124998216146	4.78118617872413	157.494665063852	34.3347213146715	2.36040943046739	1.09954012561531e-08
dom	6	70059	4	2498672	1	0.272760079743345	8.40339199066929e-05	53.493384714194	53.497880357984	8.56347677156926e-05	0.000171245094541563	4.45925808383677	123.629469959055	29.9824606922767	2.33813863720519	7.86596126012284e-08
elite	6	70059	28	2498648	1	0.927384271127373	7.4428833052695e-05	7.64191210202771	7.64248092933915	8.56347677156926e-05	0.000171186464856845	2.69372333747379	28.5246499033141	13.082076218049	2.07088911805887	0.000286859450027821
fish	6	70059	46	2498630	1	1.41835241466539	6.72250179121966e-05	4.65159867079948	4.65191140138405	8.56347677156926e-05	0.000171142518932641	2.08074646058304	15.2152247894958	8.572308062797	1.87045197869913	0.00286084494632122
genes	6	70059	10	2498666	1	0.436416127589352	8.16326481931935e-05	21.3973538856776	21.3991007579326	8.56347677156926e-05	0.000171230433355688	3.78118617872413	72.9157865594198	22.6045021477426	2.27132625741861	2.60388422834712e-06
genetic	6	70059	36	2498640	1	1.14559233492205	7.12271374346958e-05	5.94370941268822	5.9441328023523	8.56347677156926e-05	0.000171166930549018	2.38886875594537	21.1475404213017	10.7627016353695	1.9818059450101	0.000928965720199848
glaad	6	70059	6	2498670	1	0.327312095692014	8.32334960021931e-05	35.6622564761293	35.6652250246221	8.56347677156926e-05	0.000171240207200651	4.19622367800297	101.071364139543	26.9177721903649	2.315867843943	3.3014515943286e-07
gut	6	70059	7	2498669	1	0.354588103666349	8.28332840499432e-05	30.5676484081108	30.5701806436616	8.56347677156926e-05	0.000171237763634807	4.08074646058304	92.4016395389846	25.6637822262138	2.3047324473119	5.98836695897553e-07
innings	6	70059	5	2498671	1	0.30003608771768	8.3633707954443e-05	42.7947077713552	42.7982871579669	8.56347677156926e-05	0.000171242650836235	4.32175456008683	111.322499838569	28.3397960217108	2.3270032405741	1.69013764539372e-07
integrated	6	70059	45	2498631	1	1.39107640669106	6.76252298644465e-05	4.75496753015057	4.75528911346151	8.56347677156926e-05	0.000171144959780934	2.10876083675263	15.6988206125742	8.76474973083669	1.88158737533023	0.00258979261070991
javid	6	70059	6	2498670	1	0.327312095692014	8.32334960021931e-05	35.6622564761293	35.6652250246221	8.56347677156926e-05	0.000171240207200651	4.19622367800297	101.071364139543	26.9177721903649	2.315867843943	3.3014515943286e-07
klaus	6	70059	2	2498674	1	0.218208063794676	8.48343438111928e-05	106.986769428388	106.99584635807	8.56347677156926e-05	0.00017124998216146	4.78118617872413	157.494665063852	34.3347213146715	2.36040943046739	1.09954012561531e-08
lankan	6	70059	31	2498645	1	1.00921229505038	7.32281971959453e-05	6.90237222118632	6.9028777127481	8.56347677156926e-05	0.000171179138968931	2.57173281309518	25.3730273745722	12.1363378063507	2.03748292816558	0.000462402598874423
mood	6	70059	33	2498643	1	1.06376431099905	7.24277732914455e-05	6.48404663202351	6.48451629730266	8.56347677156926e-05	0.000171174255391989	2.49578395986188	23.5485041737749	11.5593589926607	2.01521213490339	0.000619451392408155
naloxone	6	70059	1	2498675	1	0.190932055820342	8.52345557634427e-05	213.973538856776	213.991778358241	8.56347677156926e-05	0.000171252426076036	4.97383125666653	181.696105704831	37.535150003209	2.37154482709848	2.81461620676993e-09
nerf	6	70059	2	2498674	1	0.218208063794676	8.48343438111928e-05	106.986769428388	106.99584635807	8.56347677156926e-05	0.00017124998216146	4.78118617872413	157.494665063852	34.3347213146715	2.36040943046739	1.09954012561531e-08
resistant	6	70059	11	2498665	1	0.463692135563687	8.12324362409435e-05	19.4521398960705	19.4537201761113	8.56347677156926e-05	0.000171227990068777	3.69372333747379	67.9554012627058	21.7553870683985	2.26019086078752	3.93058762937493e-06
shenzhen	6	70059	7	2498669	1	0.354588103666349	8.28332840499432e-05	30.5676484081108	30.5701806436616	8.56347677156926e-05	0.000171237763634807	4.08074646058304	92.4016395389846	25.6637822262138	2.3047324473119	5.98836695897553e-07
sidelines	6	70059	11	2498665	1	0.463692135563687	8.12324362409435e-05	19.4521398960705	19.4537201761113	8.56347677156926e-05	0.000171227990068777	3.69372333747379	67.9554012627058	21.7553870683985	2.26019086078752	3.93058762937493e-06
stoltenberg	6.5	70059.5	0.5	2498676.5	1	0.190934632230628	9.25695684110417e-05	463.602902977193	463.645822479464	9.27696743070819e-05	0.000185520814008249	5.08928900669399	214.317219027012	43.2483242375381	2.47462216344152	2.81484324737846e-09
surgeon	6	70059	34	2498642	1	1.09104031897338	7.20275613391956e-05	6.29333937814047	6.2937927108496	8.56347677156926e-05	0.000171171813708009	2.45925808383677	22.7067649919708	11.2851335464564	2.00407673827229	0.00071203046192525
tabada	6.5	70059.5	0.5	2498676.5	1	0.190934632230628	9.25695684110417e-05	463.602902977193	463.645822479464	9.27696743070819e-05	0.000185520814008249	5.08928900669399	214.317219027012	43.2483242375381	2.47462216344152	2.81484324737846e-09
tasting	6	70059	5	2498671	1	0.30003608771768	8.3633707954443e-05	42.7947077713552	42.7982871579669	8.56347677156926e-05	0.000171242650836235	4.32175456008683	111.322499838569	28.3397960217108	2.3270032405741	1.69013764539372e-07
ukraine	6	70059	21	2498655	1	0.736452215307032	7.72303167184444e-05	10.1892161360369	10.1900031198194	8.56347677156926e-05	0.000171203561034069	3.02629867656066	38.6747490350027	15.7787512432157	2.14883689447655	7.4350004361956e-05
yen	6	70059	25	2498651	1	0.84555624720437	7.56294689094448e-05	8.55894155427103	8.55958891791204	8.56347677156926e-05	0.000171193791371833	2.82698986833726	32.3025435313271	14.1418067426738	2.10429530795216	0.000168427950428596
zealanders	6	70059	47	2498629	1	1.44562842263973	6.68248059599467e-05	4.55262848631438	4.55293274088435	8.56347677156926e-05	0.000171140078153969	2.05326572416093	14.7509358937335	8.38488419349067	1.85931658206804	0.00315255343264365
$4	5	70060	20	2498656	1	0.681900199358363	6.33580673847456e-05	8.91556411903233	8.91612903225806	7.13623064297438e-05	0.000142673705236125	2.87429558311561	28.1111836722004	12.1038264978437	1.93111481701058	0.000507924591285569
2*	5.5	70060.5	0.5	2498676.5	1	0.163658256197681	7.82973108253368e-05	392.27937944224	392.310096273935	7.8497416721377e-05	0.0001569813905697	5.07067332852665	178.879635118187	36.2051185984612	2.27542620098133	8.85195974298369e-08
44*	5.5	70060.5	0.5	2498676.5	1	0.163658256197681	7.82973108253368e-05	392.27937944224	392.310096273935	7.8497416721377e-05	0.0001569813905697	5.07067332852665	178.879635118187	36.2051185984612	2.27542620098133	8.85195974298369e-08
66	5	70060	36	2498640	1	1.11831632694771	5.6954676148747e-05	4.95309117724018	4.95337329907698	7.13623064297438e-05	0.000142641143411406	2.16059976827225	13.8513760607897	7.60368531995754	1.73594340150857	0.00499527705382796
81	5	70060	27	2498649	1	0.872832255178704	6.05565837189962e-05	6.60412156965358	6.60452152123577	7.13623064297438e-05	0.000142659457608742	2.51815177289034	20.062693426227	9.77356478160136	1.84572732272845	0.00164327663392372
83	5	70060	17	2498659	1	0.600072175435359	6.45587032414953e-05	10.4888989635674	10.4895761616094	7.13623064297438e-05	0.000142679812233367	3.05872015425304	33.1666575869207	13.3757935930411	1.9677094574172	0.000269496858019025
advancement	5	70060	15	2498661	1	0.54552015948669	6.53591271459951e-05	11.8874188253764	11.8881958321439	7.13623064297438e-05	0.000142683883855319	3.19622367800297	37.3935713057296	14.3540104051575	1.99210588435495	0.000166048545143793
ale	5.5	70060.5	0.5	2498676.5	1	0.163658256197681	7.82973108253368e-05	392.27937944224	392.310096273935	7.8497416721377e-05	0.0001569813905697	5.07067332852665	178.879635118187	36.2051185984612	2.27542620098133	8.85195974298369e-08
angela	5	70060	24	2498652	1	0.791004231255701	6.17572195757459e-05	7.42963676586027	7.43009563231516	7.13623064297438e-05	0.00014266556338631	2.66017077776276	23.0246717234119	10.682978098504	1.88232196313507	0.00103699652258493
badges	5	70060	2	2498674	1	0.190932055820342	7.0561882525244e-05	89.1556411903233	89.161932629175	7.13623064297438e-05	0.000142710355063363	4.71079685083273	124.524421524236	27.7526626402075	2.15068265945034	3.0276124474149e-07
bat	5	70060	24	2498652	1	0.791004231255701	6.17572195757459e-05	7.42963676586027	7.43009563231516	7.13623064297438e-05	0.00014266556338631	2.66017077776276	23.0246717234119	10.682978098504	1.88232196313507	0.00103699652258493
batting	5	70060	6	2498670	1	0.30003608771768	6.89610347162443e-05	29.7185470634411	29.7205966314588	7.13623064297438e-05	0.000142702209030196	4.05872015425304	75.688131617478	21.1914576441933	2.10188980557484	6.07685059295093e-06
blankets	5	70060	10	2498666	1	0.409140119615018	6.73601869072447e-05	17.8311282380647	17.8323294319155	7.13623064297438e-05	0.000142694063926941	3.61126117728182	52.9576757060969	17.4754602007417	2.05309695169933	3.6046021443914e-05
breakthroughs	5	70060	4	2498672	1	0.245484071769011	6.97614586207442e-05	44.5778205951616	44.5809306308878	7.13623064297438e-05	0.000142706281930531	4.34822677144802	94.6675611842597	23.8737404636244	2.12628623251259	1.73506491452091e-06
breasts	5	70060	6	2498670	1	0.30003608771768	6.89610347162443e-05	29.7185470634411	29.7205966314588	7.13623064297438e-05	0.000142702209030196	4.05872015425304	75.688131617478	21.1914576441933	2.10188980557484	6.07685059295093e-06
burning	5	70060	34	2498642	1	1.06376431099905	5.77551000532468e-05	5.24444948178372	5.244752397105	7.13623064297438e-05	0.000142645212826658	2.23274955402809	14.9738590079425	8.02732513900167	1.76033982844632	0.00401379967997295
cardiovascular	5	70060	14	2498662	1	0.518244151512356	6.57593390982451e-05	12.7365201700462	12.7373577749684	7.13623064297438e-05	0.000142685919753439	3.27022425944675	39.8451588557127	14.8914131034584	2.00430409782383	0.000127404363378769
cheese	5	70060	11	2498665	1	0.436416127589352	6.69599749549948e-05	16.2101165800588	16.2112020865232	7.13623064297438e-05	0.000142692027796407	3.51815177289034	49.0596402547273	16.7514274080434	2.04089873823046	5.12469929054848e-05
civet	5	70060	2	2498674	1	0.190932055820342	7.0561882525244e-05	89.1556411903233	89.161932629175	7.13623064297438e-05	0.000142710355063363	4.71079685083273	124.524421524236	27.7526626402075	2.15068265945034	3.0276124474149e-07
crease	5.5	70060.5	0.5	2498676.5	1	0.163658256197681	7.82973108253368e-05	392.27937944224	392.310096273935	7.8497416721377e-05	0.0001569813905697	5.07067332852665	178.879635118187	36.2051185984612	2.27542620098133	8.85195974298369e-08
credible	5	70060	30	2498646	1	0.954660279101708	5.93559478622465e-05	5.94370941268822	5.94406223237225	7.13623064297438e-05	0.00014265335235378	2.38886875594537	17.6229023266505	8.96887000350603	1.80913268232182	0.00247593830149073
creek	5	70060	30	2498646	1	0.954660279101708	5.93559478622465e-05	5.94370941268822	5.94406223237225	7.13623064297438e-05	0.00014265335235378	2.38886875594537	17.6229023266505	8.96887000350603	1.80913268232182	0.00247593830149073
customized	5	70060	11	2498665	1	0.436416127589352	6.69599749549948e-05	16.2101165800588	16.2112020865232	7.13623064297438e-05	0.000142692027796407	3.51815177289034	49.0596402547273	16.7514274080434	2.04089873823046	5.12469929054848e-05
dana	5	70060	13	2498663	1	0.490968143538021	6.6159551050495e-05	13.716252490819	13.717160016689	7.13623064297438e-05	0.000142687955709659	3.34822677144802	42.5722602968717	15.4664828816576	2.01650231129271	9.60403689884703e-05
debris	5	70060	4	2498672	1	0.245484071769011	6.97614586207442e-05	44.5778205951616	44.5809306308878	7.13623064297438e-05	0.000142706281930531	4.34822677144802	94.6675611842597	23.8737404636244	2.12628623251259	1.73506491452091e-06
drinks	5	70060	22	2498654	1	0.736452215307032	6.25576434802458e-05	8.10505829002939	8.10556535956193	7.13623064297438e-05	0.000142669634195058	2.76326427072687	25.3753846282123	11.3596167304234	1.90671839007283	0.000737585887534475
heroin	5	70060	12	2498664	1	0.463692135563687	6.65597630027449e-05	14.8592735317205	14.8602626320297	7.13623064297438e-05	0.00014268999172398	3.43068893164	45.6234957237972	16.0843825815462	2.02870052476158	7.09621617706047e-05
human-to-human	5	70060	23	2498653	1	0.763728223281366	6.21574315279959e-05	7.75266445133246	7.75314637143318	7.13623064297438e-05	0.000142667598761645	2.71079685083273	24.157049810894	11.0135273152529	1.89452017660395	0.000877835139006855
incubation	5	70060	32	2498644	1	1.00921229505038	5.85555239577466e-05	5.5722275743952	5.57255388238653	7.13623064297438e-05	0.000142649282474109	2.30869840726139	16.2237537603026	8.48117683539973	1.78473625538407	0.00317834413836016
inf	5.5	70060.5	0.5	2498676.5	1	0.163658256197681	7.82973108253368e-05	392.27937944224	392.310096273935	7.8497416721377e-05	0.0001569813905697	5.07067332852665	178.879635118187	36.2051185984612	2.27542620098133	8.85195974298369e-08
jair	5	70060	14	2498662	1	0.518244151512356	6.57593390982451e-05	12.7365201700462	12.7373577749684	7.13623064297438e-05	0.000142685919753439	3.27022425944675	39.8451588557127	14.8914131034584	2.00430409782383	0.000127404363378769
judges	5	70060	40	2498636	1	1.22742035884505	5.53538283397473e-05	4.45778205951616	4.45802883242935	7.13623064297438e-05	0.000142633005277421	2.02629867656066	11.920692665901	6.83519044943004	1.68715054763306	0.00744711981742474
kicked	5	70060	33	2498643	1	1.03648830302471	5.81553120054967e-05	5.40337219335293	5.40368645057483	7.13623064297438e-05	0.000142647247621357	2.27022425944675	15.5816225559925	8.25026213408949	1.77253804191519	0.0035786268225928
kiwi	5	70060	24	2498652	1	0.791004231255701	6.17572195757459e-05	7.42963676586027	7.43009563231516	7.13623064297438e-05	0.00014266556338631	2.66017077776276	23.0246717234119	10.682978098504	1.88232196313507	0.00103699652258493
landslide	5	70060	3	2498673	1	0.218208063794676	7.01616705729941e-05	59.4370941268822	59.4412646303169	7.13623064297438e-05	0.000142708318467883	4.51815177289034	107.726432944198	25.5987310403629	2.13848444598146	7.89037650550384e-07
lassa	5	70060	27	2498649	1	0.872832255178704	6.05565837189962e-05	6.60412156965358	6.60452152123577	7.13623064297438e-05	0.000142659457608742	2.51815177289034	20.062693426227	9.77356478160136	1.84572732272845	0.00164327663392372
leigh	5	70060	4	2498672	1	0.245484071769011	6.97614586207442e-05	44.5778205951616	44.5809306308878	7.13623064297438e-05	0.000142706281930531	4.34822677144802	94.6675611842597	23.8737404636244	2.12628623251259	1.73506491452091e-06
li	5	70060	29	2498647	1	0.927384271127373	5.97561598144964e-05	6.14866490967747	6.14903235650231	7.13623064297438e-05	0.000142655387380704	2.43068893164	18.3866776941139	9.22672731403743	1.8213308957907	0.00217055227040253
lining	5	70060	35	2498641	1	1.09104031897338	5.73548881009969e-05	5.09460806801847	5.09490028954774	7.13623064297438e-05	0.000142643178090008	2.19622367800297	14.3978855435703	7.81193250614164	1.74814161497744	0.00448548099683688
lounge	5	70060	13	2498663	1	0.490968143538021	6.6159551050495e-05	13.716252490819	13.717160016689	7.13623064297438e-05	0.000142687955709659	3.34822677144802	42.5722602968717	15.4664828816576	2.01650231129271	9.60403689884703e-05
maruti	5	70060	3	2498673	1	0.218208063794676	7.01616705729941e-05	59.4370941268822	59.4412646303169	7.13623064297438e-05	0.000142708318467883	4.51815177289034	107.726432944198	25.5987310403629	2.13848444598146	7.89037650550384e-07
mega	5	70060	8	2498668	1	0.354588103666349	6.81606108117445e-05	22.2889102975808	22.2904296317442	7.13623064297438e-05	0.000142698136362339	3.81771205474924	62.5657801996404	19.13703352364	2.07749337863708	1.61708923709369e-05
mfat	5.5	70060.5	0.5	2498676.5	1	0.163658256197681	7.82973108253368e-05	392.27937944224	392.310096273935	7.8497416721377e-05	0.0001569813905697	5.07067332852665	178.879635118187	36.2051185984612	2.27542620098133	8.85195974298369e-08
mice	5	70060	13	2498663	1	0.490968143538021	6.6159551050495e-05	13.716252490819	13.717160016689	7.13623064297438e-05	0.000142687955709659	3.34822677144802	42.5722602968717	15.4664828816576	2.01650231129271	9.60403689884703e-05
mines	5	70060	36	2498640	1	1.11831632694771	5.6954676148747e-05	4.95309117724018	4.95337329907698	7.13623064297438e-05	0.000142641143411406	2.16059976827225	13.8513760607897	7.60368531995754	1.73594340150857	0.00499527705382796
mnuchin	5	70060	25	2498651	1	0.818280239230035	6.1357007623496e-05	7.13245129522586	7.13288895232658	7.13623064297438e-05	0.000142663528069049	2.61126117728182	21.9696546949654	10.3668071744055	1.8701237496662	0.00121658813694447
nowhere	5	70060	40	2498636	1	1.22742035884505	5.53538283397473e-05	4.45778205951616	4.45802883242935	7.13623064297438e-05	0.000142633005277421	2.02629867656066	11.920692665901	6.83519044943004	1.68715054763306	0.00744711981742474
nuclear	5	70060	36	2498640	1	1.11831632694771	5.6954676148747e-05	4.95309117724018	4.95337329907698	7.13623064297438e-05	0.000142641143411406	2.16059976827225	13.8513760607897	7.60368531995754	1.73594340150857	0.00499527705382796
observation	5	70060	29	2498647	1	0.927384271127373	5.97561598144964e-05	6.14866490967747	6.14903235650231	7.13623064297438e-05	0.000142655387380704	2.43068893164	18.3866776941139	9.22672731403743	1.8213308957907	0.00217055227040253
overdose	5	70060	10	2498666	1	0.409140119615018	6.73601869072447e-05	17.8311282380647	17.8323294319155	7.13623064297438e-05	0.000142694063926941	3.61126117728182	52.9576757060969	17.4754602007417	2.05309695169933	3.6046021443914e-05
quartz	5	70060	7	2498669	1	0.327312095692014	6.85608227639944e-05	25.4730403400924	25.4747869173362	7.13623064297438e-05	0.000142700172667209	3.93318927216918	68.577854829367	20.10432856367	2.08969159210596	1.01816401882893e-05
reservoir	5	70060	7	2498669	1	0.327312095692014	6.85608227639944e-05	25.4730403400924	25.4747869173362	7.13623064297438e-05	0.000142700172667209	3.93318927216918	68.577854829367	20.10432856367	2.08969159210596	1.01816401882893e-05
sickened	5	70060	22	2498654	1	0.736452215307032	6.25576434802458e-05	8.10505829002939	8.10556535956193	7.13623064297438e-05	0.000142669634195058	2.76326427072687	25.3753846282123	11.3596167304234	1.90671839007283	0.000737585887534475
slash	5	70060	20	2498656	1	0.681900199358363	6.33580673847456e-05	8.91556411903233	8.91612903225806	7.13623064297438e-05	0.000142673705236125	2.87429558311561	28.1111836722004	12.1038264978437	1.93111481701058	0.000507924591285569
snakes	5	70060	4	2498672	1	0.245484071769011	6.97614586207442e-05	44.5778205951616	44.5809306308878	7.13623064297438e-05	0.000142706281930531	4.34822677144802	94.6675611842597	23.8737404636244	2.12628623251259	1.73506491452091e-06
societies	5	70060	31	2498645	1	0.981936287076042	5.89557359099966e-05	5.7519768509886	5.75231598721833	7.13623064297438e-05	0.000142651317384916	2.34822677144802	16.9031165904087	8.72054109757063	1.79693446885294	0.00281132501140258
soft	5	70060	33	2498643	1	1.03648830302471	5.81553120054967e-05	5.40337219335293	5.40368645057483	7.13623064297438e-05	0.000142647247621357	2.27022425944675	15.5816225559925	8.25026213408949	1.77253804191519	0.0035786268225928
soil	5	70060	22	2498654	1	0.736452215307032	6.25576434802458e-05	8.10505829002939	8.10556535956193	7.13623064297438e-05	0.000142669634195058	2.76326427072687	25.3753846282123	11.3596167304234	1.90671839007283	0.000737585887534475
stabbed	5	70060	6	2498670	1	0.30003608771768	6.89610347162443e-05	29.7185470634411	29.7205966314588	7.13623064297438e-05	0.000142702209030196	4.05872015425304	75.688131617478	21.1914576441933	2.10188980557484	6.07685059295093e-06
structural	5	70060	37	2498639	1	1.14559233492205	5.65544641964971e-05	4.81922384812558	4.81949641619924	7.13623064297438e-05	0.000142639108790848	2.12583435011158	13.3322259910462	7.40221553279792	1.72374518803969	0.00554477858539937
suites	5	70060	5	2498671	1	0.272760079743345	6.93612466684943e-05	35.6622564761293	35.6647302312304	7.13623064297438e-05	0.000142704245451302	4.19622367800297	84.2260712049399	22.4314112447999	2.11408801904371	3.3914702164406e-06
tank	5	70060	35	2498641	1	1.09104031897338	5.73548881009969e-05	5.09460806801847	5.09490028954774	7.13623064297438e-05	0.000142643178090008	2.19622367800297	14.3978855435703	7.81193250614164	1.74814161497744	0.00448548099683688
theresa	5	70060	19	2498657	1	0.654624191384028	6.37582793369955e-05	9.3848043358235	9.38540273750319	7.13623064297438e-05	0.000142675740843784	2.93318927216918	29.6535753441919	12.5051178094931	1.94331303047945	0.000415662749058576
travis	5	70060	18	2498658	1	0.627348183409694	6.41584912892454e-05	9.90618235448036	9.90681796555334	7.13623064297438e-05	0.000142677776509531	2.99458981683332	31.3325260862978	12.9283634913666	1.95551124394833	0.000336622100896022
tuned	5	70060	20	2498656	1	0.681900199358363	6.33580673847456e-05	8.91556411903233	8.91612903225806	7.13623064297438e-05	0.000142673705236125	2.87429558311561	28.1111836722004	12.1038264978437	1.93111481701058	0.000507924591285569
urumqi	5.5	70060.5	0.5	2498676.5	1	0.163658256197681	7.82973108253368e-05	392.27937944224	392.310096273935	7.8497416721377e-05	0.0001569813905697	5.07067332852665	178.879635118187	36.2051185984612	2.27542620098133	8.85195974298369e-08
warm	5	70060	34	2498642	1	1.06376431099905	5.77551000532468e-05	5.24444948178372	5.244752397105	7.13623064297438e-05	0.000142645212826658	2.23274955402809	14.9738590079425	8.02732513900167	1.76033982844632	0.00401379967997295
wicket	5.5	70060.5	0.5	2498676.5	1	0.163658256197681	7.82973108253368e-05	392.27937944224	392.310096273935	7.8497416721377e-05	0.0001569813905697	5.07067332852665	178.879635118187	36.2051185984612	2.27542620098133	8.85195974298369e-08
xl5	5.5	70060.5	0.5	2498676.5	1	0.163658256197681	7.82973108253368e-05	392.27937944224	392.310096273935	7.8497416721377e-05	0.0001569813905697	5.07067332852665	178.879635118187	36.2051185984612	2.27542620098133	8.85195974298369e-08
zane	5.5	70060.5	0.5	2498676.5	1	0.163658256197681	7.82973108253368e-05	392.27937944224	392.310096273935	7.8497416721377e-05	0.0001569813905697	5.07067332852665	178.879635118187	36.2051185984612	2.27542620098133	8.85195974298369e-08
zemeckis	5	70060	2	2498674	1	0.190932055820342	7.0561882525244e-05	89.1556411903233	89.161932629175	7.13623064297438e-05	0.000142710355063363	4.71079685083273	124.524421524236	27.7526626402075	2.15068265945034	3.0276124474149e-07
#coronavirus	4	70061	6	2498670	1	0.272760079743345	5.46885734302956e-05	23.7748376507529	23.7761379369407	5.70898451437951e-05	0.000114163396361042	3.87429558311561	52.3607612615983	15.6858116856263	1.86362141112875	0.000101848811962069
0*	4.5	70061.5	0.5	2498676.5	1	0.136381880164734	6.40250532396319e-05	320.955855907287	320.976406442911	6.42251591356721e-05	0.000128441152545276	5.04420111716546	143.531816601677	29.19271361933	2.05703111048078	2.70706904126339e-06
170	4	70061	17	2498659	1	0.572796167461025	5.02862419555466e-05	8.39111917085395	8.39154115279374	5.70898451437951e-05	0.000114145478412236	2.80390625522421	21.0811204089724	9.30408762002853	1.71360325046699	0.00228310964585976
20*	4.5	70061.5	0.5	2498676.5	1	0.136381880164734	6.40250532396319e-05	320.955855907287	320.976406442911	6.42251591356721e-05	0.000128441152545276	5.04420111716546	143.531816601677	29.19271361933	2.05703111048078	2.70706904126339e-06
2018/19	4.5	70061.5	0.5	2498676.5	1	0.136381880164734	6.40250532396319e-05	320.955855907287	320.976406442911	6.42251591356721e-05	0.000128441152545276	5.04420111716546	143.531816601677	29.19271361933	2.05703111048078	2.70706904126339e-06
2030	4	70061	14	2498662	1	0.490968143538021	5.14868778122963e-05	10.1892161360369	10.1897407769148	5.70898451437951e-05	0.000114150364567727	3.02629867656066	25.7830756872054	10.5190771551592	1.75451729428384	0.00124597276735905
43*	4.5	70061.5	0.5	2498676.5	1	0.136381880164734	6.40250532396319e-05	320.955855907287	320.976406442911	6.42251591356721e-05	0.000128441152545276	5.04420111716546	143.531816601677	29.19271361933	2.05703111048078	2.70706904126339e-06
acid	4	70061	9	2498667	1	0.354588103666349	5.34879375735458e-05	15.8498917671686	15.8507395935922	5.70898451437951e-05	0.000114158509089871	3.49578395986188	38.5284574868011	13.2636795856474	1.82270736731191	0.000324706765153504
alternatives	4	70061	32	2498644	1	0.981936287076042	4.42830626717979e-05	4.45778205951616	4.4579794750289	5.70898451437951e-05	0.000114121053907933	2.02629867656066	9.53652071939107	5.46811894494799	1.50903303138278	0.0162676540177175
ar	4	70061	6	2498670	1	0.272760079743345	5.46885734302956e-05	23.7748376507529	23.7761379369407	5.70898451437951e-05	0.000114163396361042	3.87429558311561	52.3607612615983	15.6858116856263	1.86362141112875	0.000101848811962069
arab	4	70061	30	2498646	1	0.927384271127373	4.50834865762977e-05	4.75496753015057	4.75518191290447	5.70898451437951e-05	0.000114124309904564	2.10876083675264	10.4658111439759	5.84309721955787	1.53630906059401	0.0133671842876224
artery	4	70061	7	2498669	1	0.30003608771768	5.42883614780457e-05	20.3784322720739	20.3795386469342	5.70898451437951e-05	0.000114161767224157	3.73679205936568	46.9065740739616	14.7807528358269	1.84998339652313	0.000156575647030088
assaulted	4	70061	7	2498669	1	0.30003608771768	5.42883614780457e-05	20.3784322720739	20.3795386469342	5.70898451437951e-05	0.000114161767224157	3.73679205936568	46.9065740739616	14.7807528358269	1.84998339652313	0.000156575647030088
backlog	4	70061	30	2498646	1	0.927384271127373	4.50834865762977e-05	4.75496753015057	4.75518191290447	5.70898451437951e-05	0.000114124309904564	2.10876083675264	10.4658111439759	5.84309721955787	1.53630906059401	0.0133671842876224
balls	4	70061	16	2498660	1	0.54552015948669	5.06864539077965e-05	8.91556411903233	8.91601604316239	5.70898451437951e-05	0.000114147107084255	2.87429558311561	22.4889031631601	9.68301742215478	1.72724126507261	0.00188880995757301
barron	4	70061	17	2498659	1	0.572796167461025	5.02862419555466e-05	8.39111917085395	8.39154115279374	5.70898451437951e-05	0.000114145478412236	2.80390625522421	21.0811204089724	9.30408762002853	1.71360325046699	0.00228310964585976
bassil	4.5	70061.5	0.5	2498676.5	1	0.136381880164734	6.40250532396319e-05	320.955855907287	320.976406442911	6.42251591356721e-05	0.000128441152545276	5.04420111716546	143.531816601677	29.19271361933	2.05703111048078	2.70706904126339e-06
billboards	4	70061	3	2498673	1	0.190932055820342	5.58892092870453e-05	47.5496753015057	47.5523329669859	5.70898451437951e-05	0.000114168284050691	4.38886875594537	78.1214230680869	19.4194111842272	1.90453545494559	1.81317208240994e-05
blaine	4	70061	2	2498674	1	0.163656047846007	5.62894212392952e-05	71.3245129522586	71.3285279970312	5.70898451437951e-05	0.000114169913373578	4.61126117728182	92.4515937827196	21.2866478821048	1.91817346955121	7.94374392154573e-06
boe	4	70061	17	2498659	1	0.572796167461025	5.02862419555466e-05	8.39111917085395	8.39154115279374	5.70898451437951e-05	0.000114145478412236	2.80390625522421	21.0811204089724	9.30408762002853	1.71360325046699	0.00228310964585976
brussels	4	70061	24	2498652	1	0.763728223281366	4.74847582897972e-05	5.94370941268822	5.94399166440673	5.70898451437951e-05	0.000114134079009316	2.38886875594537	14.0982834419824	7.17505758262952	1.61813714822769	0.006713320146291
cambodia	4	70061	20	2498656	1	0.654624191384028	4.90856060987968e-05	7.13245129522586	7.13280141590899	5.70898451437951e-05	0.000114140592675027	2.61126117728182	17.5756827026595	8.29340468422102	1.67268920665015	0.00379835158563646
carney	4	70061	10	2498666	1	0.381864111640683	5.30877256212959e-05	14.2649025904517	14.2656599249226	5.70898451437951e-05	0.000114156880092467	3.38886875594537	35.2430626983313	12.6157240182566	1.80906935270629	0.000444755038639388
celsius	4	70061	8	2498668	1	0.327312095692014	5.38881495257958e-05	17.8311282380647	17.8320891794294	5.70898451437951e-05	0.000114160138133767	3.61126117728182	42.3660910857687	13.9803186794246	1.83634538191752	0.000229772650451099
cigarettes	4	70061	11	2498665	1	0.409140119615018	5.2687513669046e-05	12.968093264047	12.9687765596474	5.70898451437951e-05	0.000114155251141553	3.28933308239446	32.3994589626258	12.0251242793864	1.79543133810068	0.000593376499437692
coli	4	70061	3	2498673	1	0.190932055820342	5.58892092870453e-05	47.5496753015057	47.5523329669859	5.70898451437951e-05	0.000114168284050691	4.38886875594537	78.1214230680869	19.4194111842272	1.90453545494559	1.81317208240994e-05
conflicts	4	70061	22	2498654	1	0.709176207332697	4.8285182194297e-05	6.48404663202351	6.4843597332714	5.70898451437951e-05	0.00011413733574924	2.49578395986188	15.6989233314929	7.70615987419531	1.64541317743892	0.00511788779490097
coronary	4	70061	8	2498668	1	0.327312095692014	5.38881495257958e-05	17.8311282380647	17.8320891794294	5.70898451437951e-05	0.000114160138133767	3.61126117728182	42.3660910857687	13.9803186794246	1.83634538191752	0.000229772650451099
cubic	4	70061	5	2498671	1	0.245484071769011	5.50887853825455e-05	28.5298051809034	28.5313769429497	5.70898451437951e-05	0.000114165025544424	4.02629867656066	59.0332207078834	16.7254298333819	1.87725942573436	6.24658752637064e-05
cutting-edge	4	70061	9	2498667	1	0.354588103666349	5.34879375735458e-05	15.8498917671686	15.8507395935922	5.70898451437951e-05	0.000114158509089871	3.49578395986188	38.5284574868011	13.2636795856474	1.82270736731191	0.000324706765153504
dovish	4	70061	1	2498675	1	0.136380039871673	5.66896331915451e-05	142.649025904517	142.657113087167	5.70898451437951e-05	0.000114171542742971	4.87429558311561	112.525047921325	23.8654869399911	1.93181148415682	2.70692374249037e-06
drainage	4	70061	3	2498673	1	0.190932055820342	5.58892092870453e-05	47.5496753015057	47.5523329669859	5.70898451437951e-05	0.000114168284050691	4.38886875594537	78.1214230680869	19.4194111842272	1.90453545494559	1.81317208240994e-05
edelman	4	70061	1	2498675	1	0.136380039871673	5.66896331915451e-05	142.649025904517	142.657113087167	5.70898451437951e-05	0.000114171542742971	4.87429558311561	112.525047921325	23.8654869399911	1.93181148415682	2.70692374249037e-06
emery	4	70061	2	2498674	1	0.163656047846007	5.62894212392952e-05	71.3245129522586	71.3285279970312	5.70898451437951e-05	0.000114169913373578	4.61126117728182	92.4515937827196	21.2866478821048	1.91817346955121	7.94374392154573e-06
emirates	4	70061	27	2498649	1	0.84555624720437	4.62841224330474e-05	5.28329725572286	5.28354180246103	5.70898451437951e-05	0.000114129194247889	2.2420273676161	12.0981422470919	6.46583213238639	1.57722310441085	0.00967190796624562
equality	4	70061	17	2498659	1	0.572796167461025	5.02862419555466e-05	8.39111917085395	8.39154115279374	5.70898451437951e-05	0.000114145478412236	2.80390625522421	21.0811204089724	9.30408762002853	1.71360325046699	0.00228310964585976
eurobond	4	70061	6	2498670	1	0.272760079743345	5.46885734302956e-05	23.7748376507529	23.7761379369407	5.70898451437951e-05	0.000114163396361042	3.87429558311561	52.3607612615983	15.6858116856263	1.86362141112875	0.000101848811962069
exhibition	4	70061	29	2498647	1	0.900108263153039	4.54836985285476e-05	4.91893192774197	4.91915567173237	5.70898451437951e-05	0.000114125937972553	2.15182955864452	10.9752458094856	6.04212173782104	1.54994707519962	0.0120499334620672
far-right	4	70061	4	2498672	1	0.218208063794676	5.54889973347954e-05	35.6622564761293	35.6642354519633	5.70898451437951e-05	0.000114166654774307	4.19622367800297	67.3808045016236	17.945076530509	1.89089744033998	3.54744039974264e-05
fastest	4	70061	22	2498654	1	0.709176207332697	4.8285182194297e-05	6.48404663202351	6.4843597332714	5.70898451437951e-05	0.00011413733574924	2.49578395986188	15.6989233314929	7.70615987419531	1.64541317743892	0.00511788779490097
fertiliser	4	70061	1	2498675	1	0.136380039871673	5.66896331915451e-05	142.649025904517	142.657113087167	5.70898451437951e-05	0.000114171542742971	4.87429558311561	112.525047921325	23.8654869399911	1.93181148415682	2.70692374249037e-06
florian	4	70061	2	2498674	1	0.163656047846007	5.62894212392952e-05	71.3245129522586	71.3285279970312	5.70898451437951e-05	0.000114169913373578	4.61126117728182	92.4515937827196	21.2866478821048	1.91817346955121	7.94374392154573e-06
francs	4	70061	2	2498674	1	0.163656047846007	5.62894212392952e-05	71.3245129522586	71.3285279970312	5.70898451437951e-05	0.000114169913373578	4.61126117728182	92.4515937827196	21.2866478821048	1.91817346955121	7.94374392154573e-06
functionalities	4	70061	28	2498648	1	0.872832255178704	4.58839104807975e-05	5.09460806801847	5.09484184190512	5.70898451437951e-05	0.000114127566086994	2.19622367800297	11.5182725621796	6.24951013091961	1.56358508980524	0.0108188552994345
fx	4	70061	29	2498647	1	0.900108263153039	4.54836985285476e-05	4.91893192774197	4.91915567173237	5.70898451437951e-05	0.000114125937972553	2.15182955864452	10.9752458094856	6.04212173782104	1.54994707519962	0.0120499334620672
gh	4	70061	1	2498675	1	0.136380039871673	5.66896331915451e-05	142.649025904517	142.657113087167	5.70898451437951e-05	0.000114171542742971	4.87429558311561	112.525047921325	23.8654869399911	1.93181148415682	2.70692374249037e-06
harmful	4	70061	20	2498656	1	0.654624191384028	4.90856060987968e-05	7.13245129522586	7.13280141590899	5.70898451437951e-05	0.000114140592675027	2.61126117728182	17.5756827026595	8.29340468422102	1.67268920665015	0.00379835158563646
harnessing	4	70061	7	2498669	1	0.30003608771768	5.42883614780457e-05	20.3784322720739	20.3795386469342	5.70898451437951e-05	0.000114161767224157	3.73679205936568	46.9065740739616	14.7807528358269	1.84998339652313	0.000156575647030088
hatchback	4	70061	5	2498671	1	0.245484071769011	5.50887853825455e-05	28.5298051809034	28.5313769429497	5.70898451437951e-05	0.000114165025544424	4.02629867656066	59.0332207078834	16.7254298333819	1.87725942573436	6.24658752637064e-05
huang	4	70061	12	2498664	1	0.436416127589352	5.22873017167961e-05	11.8874188253764	11.888040421918	5.70898451437951e-05	0.000114153622237126	3.19622367800297	29.9148104613846	11.4831617384097	1.78179332349506	0.000774086334948576
idaho	4	70061	15	2498661	1	0.518244151512356	5.10866658600464e-05	9.50993506030115	9.51042091891352	5.70898451437951e-05	0.000114148735802751	2.94829616455939	24.0478249760768	10.0869870456298	1.74087927967822	0.00154425767508715
in-house	4	70061	30	2498646	1	0.927384271127373	4.50834865762977e-05	4.75496753015057	4.75518191290447	5.70898451437951e-05	0.000114124309904564	2.10876083675264	10.4658111439759	5.84309721955787	1.53630906059401	0.0133671842876224
ivanka	4.5	70061.5	0.5	2498676.5	1	0.136381880164734	6.40250532396319e-05	320.955855907287	320.976406442911	6.42251591356721e-05	0.000128441152545276	5.04420111716546	143.531816601677	29.19271361933	2.05703111048078	2.70706904126339e-06
khyber	4	70061	8	2498668	1	0.327312095692014	5.38881495257958e-05	17.8311282380647	17.8320891794294	5.70898451437951e-05	0.000114160138133767	3.61126117728182	42.3660910857687	13.9803186794246	1.83634538191752	0.000229772650451099
lgbtq	4.5	70061.5	0.5	2498676.5	1	0.136381880164734	6.40250532396319e-05	320.955855907287	320.976406442911	6.42251591356721e-05	0.000128441152545276	5.04420111716546	143.531816601677	29.19271361933	2.05703111048078	2.70706904126339e-06
mangelsdorf	4.5	70061.5	0.5	2498676.5	1	0.136381880164734	6.40250532396319e-05	320.955855907287	320.976406442911	6.42251591356721e-05	0.000128441152545276	5.04420111716546	143.531816601677	29.19271361933	2.05703111048078	2.70706904126339e-06
meaww	4.5	70061.5	0.5	2498676.5	1	0.136381880164734	6.40250532396319e-05	320.955855907287	320.976406442911	6.42251591356721e-05	0.000128441152545276	5.04420111716546	143.531816601677	29.19271361933	2.05703111048078	2.70706904126339e-06
mers	4	70061	16	2498660	1	0.54552015948669	5.06864539077965e-05	8.91556411903233	8.91601604316239	5.70898451437951e-05	0.000114147107084255	2.87429558311561	22.4889031631601	9.68301742215478	1.72724126507261	0.00188880995757301
missiles	4	70061	8	2498668	1	0.327312095692014	5.38881495257958e-05	17.8311282380647	17.8320891794294	5.70898451437951e-05	0.000114160138133767	3.61126117728182	42.3660910857687	13.9803186794246	1.83634538191752	0.000229772650451099
mkhize	4	70061	26	2498650	1	0.818280239230035	4.66843343852974e-05	5.48650099632759	5.48675714459817	5.70898451437951e-05	0.000114130822455239	2.28933308239446	12.7185391552612	6.69171785168249	1.59086111901647	0.00860690789364393
mooch	4.5	70061.5	0.5	2498676.5	1	0.136381880164734	6.40250532396319e-05	320.955855907287	320.976406442911	6.42251591356721e-05	0.000128441152545276	5.04420111716546	143.531816601677	29.19271361933	2.05703111048078	2.70706904126339e-06
multilateral	4	70061	18	2498658	1	0.600072175435359	4.98860300032966e-05	7.92494588358429	7.92534125024383	5.70898451437951e-05	0.000114143849786694	2.73679205936568	19.8038668448455	8.94759871904062	1.69996523586138	0.00273057915426866
mysterious	4	70061	24	2498652	1	0.763728223281366	4.74847582897972e-05	5.94370941268822	5.94399166440673	5.70898451437951e-05	0.000114134079009316	2.38886875594537	14.0982834419824	7.17505758262952	1.61813714822769	0.006713320146291
navigation	4	70061	13	2498663	1	0.463692135563687	5.18870897645462e-05	10.9730019926552	10.9735713823009	5.70898451437951e-05	0.000114151993379184	3.10876083675264	27.7257721570839	10.98297781771	1.76815530888945	0.000990432234387884
nicholas	4	70061	15	2498661	1	0.518244151512356	5.10866658600464e-05	9.50993506030115	9.51042091891352	5.70898451437951e-05	0.000114148735802751	2.94829616455939	24.0478249760768	10.0869870456298	1.74087927967822	0.00154425767508715
northwestern	4	70061	21	2498655	1	0.681900199358363	4.86853941465469e-05	6.79281075735796	6.79314148690835	5.70898451437951e-05	0.0001141389641889	2.55236748822825	16.5986462909542	7.99215588103627	1.65905119204454	0.0044250995845605
object	4	70061	22	2498654	1	0.709176207332697	4.8285182194297e-05	6.48404663202351	6.4843597332714	5.70898451437951e-05	0.00011413733574924	2.49578395986188	15.6989233314929	7.70615987419531	1.64541317743892	0.00511788779490097
rear	4	70061	14	2498662	1	0.490968143538021	5.14868778122963e-05	10.1892161360369	10.1897407769148	5.70898451437951e-05	0.000114150364567727	3.02629867656066	25.7830756872054	10.5190771551592	1.75451729428384	0.00124597276735905
reflective	4	70061	14	2498662	1	0.490968143538021	5.14868778122963e-05	10.1892161360369	10.1897407769148	5.70898451437951e-05	0.000114150364567727	3.02629867656066	25.7830756872054	10.5190771551592	1.75451729428384	0.00124597276735905
reins	4	70061	6	2498670	1	0.272760079743345	5.46885734302956e-05	23.7748376507529	23.7761379369407	5.70898451437951e-05	0.000114163396361042	3.87429558311561	52.3607612615983	15.6858116856263	1.86362141112875	0.000101848811962069
retained	4	70061	28	2498648	1	0.872832255178704	4.58839104807975e-05	5.09460806801847	5.09484184190512	5.70898451437951e-05	0.000114127566086994	2.19622367800297	11.5182725621796	6.24951013091961	1.56358508980524	0.0108188552994345
reviews	4	70061	25	2498651	1	0.791004231255701	4.70845463375473e-05	5.70596103618069	5.70622971410628	5.70898451437951e-05	0.000114132450709048	2.3382426828754	13.3836557558007	6.92786662759587	1.60449913362208	0.00762153192608395
rings	4	70061	18	2498658	1	0.600072175435359	4.98860300032966e-05	7.92494588358429	7.92534125024383	5.70898451437951e-05	0.000114143849786694	2.73679205936568	19.8038668448455	8.94759871904062	1.69996523586138	0.00273057915426866
sajid	4	70061	5	2498671	1	0.245484071769011	5.50887853825455e-05	28.5298051809034	28.5313769429497	5.70898451437951e-05	0.000114165025544424	4.02629867656066	59.0332207078834	16.7254298333819	1.87725942573436	6.24658752637064e-05
scaramucci	4.5	70061.5	0.5	2498676.5	1	0.136381880164734	6.40250532396319e-05	320.955855907287	320.976406442911	6.42251591356721e-05	0.000128441152545276	5.04420111716546	143.531816601677	29.19271361933	2.05703111048078	2.70706904126339e-06
seylan	4.5	70061.5	0.5	2498676.5	1	0.136381880164734	6.40250532396319e-05	320.955855907287	320.976406442911	6.42251591356721e-05	0.000128441152545276	5.04420111716546	143.531816601677	29.19271361933	2.05703111048078	2.70706904126339e-06
sheryl	4	70061	4	2498672	1	0.218208063794676	5.54889973347954e-05	35.6622564761293	35.6642354519633	5.70898451437951e-05	0.000114166654774307	4.19622367800297	67.3808045016236	17.945076530509	1.89089744033998	3.54744039974264e-05
showcase	4	70061	22	2498654	1	0.709176207332697	4.8285182194297e-05	6.48404663202351	6.4843597332714	5.70898451437951e-05	0.00011413733574924	2.49578395986188	15.6989233314929	7.70615987419531	1.64541317743892	0.00511788779490097
shuttle	4	70061	7	2498669	1	0.30003608771768	5.42883614780457e-05	20.3784322720739	20.3795386469342	5.70898451437951e-05	0.000114161767224157	3.73679205936568	46.9065740739616	14.7807528358269	1.84998339652313	0.000156575647030088
songs	4	70061	28	2498648	1	0.872832255178704	4.58839104807975e-05	5.09460806801847	5.09484184190512	5.70898451437951e-05	0.000114127566086994	2.19622367800297	11.5182725621796	6.24951013091961	1.56358508980524	0.0108188552994345
stabilize	4	70061	15	2498661	1	0.518244151512356	5.10866658600464e-05	9.50993506030115	9.51042091891352	5.70898451437951e-05	0.000114148735802751	2.94829616455939	24.0478249760768	10.0869870456298	1.74087927967822	0.00154425767508715
sullivan	4	70061	12	2498664	1	0.436416127589352	5.22873017167961e-05	11.8874188253764	11.888040421918	5.70898451437951e-05	0.000114153622237126	3.19622367800297	29.9148104613846	11.4831617384097	1.78179332349506	0.000774086334948576
terry	4	70061	20	2498656	1	0.654624191384028	4.90856060987968e-05	7.13245129522586	7.13280141590899	5.70898451437951e-05	0.000114140592675027	2.61126117728182	17.5756827026595	8.29340468422102	1.67268920665015	0.00379835158563646
titles	4	70061	31	2498645	1	0.954660279101708	4.46832746240478e-05	4.60158148079088	4.60178710625902	5.70898451437951e-05	0.000114122681883024	2.06694066105801	9.98708924576283	5.65191972694107	1.5226710459884	0.0147725063503492
tornadoes	4	70061	2	2498674	1	0.163656047846007	5.62894212392952e-05	71.3245129522586	71.3285279970312	5.70898451437951e-05	0.000114169913373578	4.61126117728182	92.4515937827196	21.2866478821048	1.91817346955121	7.94374392154573e-06
tract	4	70061	22	2498654	1	0.709176207332697	4.8285182194297e-05	6.48404663202351	6.4843597332714	5.70898451437951e-05	0.00011413733574924	2.49578395986188	15.6989233314929	7.70615987419531	1.64541317743892	0.00511788779490097
truce	4	70061	3	2498673	1	0.190932055820342	5.58892092870453e-05	47.5496753015057	47.5523329669859	5.70898451437951e-05	0.000114168284050691	4.38886875594537	78.1214230680869	19.4194111842272	1.90453545494559	1.81317208240994e-05
undergone	4	70061	13	2498663	1	0.463692135563687	5.18870897645462e-05	10.9730019926552	10.9735713823009	5.70898451437951e-05	0.000114151993379184	3.10876083675264	27.7257721570839	10.98297781771	1.76815530888945	0.000990432234387884
unofficial	4	70061	11	2498665	1	0.409140119615018	5.2687513669046e-05	12.968093264047	12.9687765596474	5.70898451437951e-05	0.000114155251141553	3.28933308239446	32.3994589626258	12.0251242793864	1.79543133810068	0.000593376499437692
vigilant	4	70061	32	2498644	1	0.981936287076042	4.42830626717979e-05	4.45778205951616	4.4579794750289	5.70898451437951e-05	0.000114121053907933	2.02629867656066	9.53652071939107	5.46811894494799	1.50903303138278	0.0162676540177175
xiaoming	4.5	70061.5	0.5	2498676.5	1	0.136381880164734	6.40250532396319e-05	320.955855907287	320.976406442911	6.42251591356721e-05	0.000128441152545276	5.04420111716546	143.531816601677	29.19271361933	2.05703111048078	2.70706904126339e-06
xinjiang	4	70061	7	2498669	1	0.30003608771768	5.42883614780457e-05	20.3784322720739	20.3795386469342	5.70898451437951e-05	0.000114161767224157	3.73679205936568	46.9065740739616	14.7807528358269	1.84998339652313	0.000156575647030088
yards	4	70061	7	2498669	1	0.30003608771768	5.42883614780457e-05	20.3784322720739	20.3795386469342	5.70898451437951e-05	0.000114161767224157	3.73679205936568	46.9065740739616	14.7807528358269	1.84998339652313	0.000156575647030088
10-year-old	3	70062	1	2498675	1	0.109104031897338	4.24171719055964e-05	106.986769428388	106.991307698895	4.28173838578463e-05	8.5629879119154e-05	4.78118617872413	78.7472099077217	17.1672380285493	1.66906054002087	7.95075204689244e-05
14*	3.5	70062.5	0.5	2498676.5	1	0.109105504131787	4.9752795653927e-05	249.632332372335	249.644752899197	4.99529015499672e-05	9.99000999000999e-05	5.00355913266811	108.341066697104	22.2258027889903	1.81251058312367	7.95107167438358e-05
16*	3.5	70062.5	0.5	2498676.5	1	0.109105504131787	4.9752795653927e-05	249.632332372335	249.644752899197	4.99529015499672e-05	9.99000999000999e-05	5.00355913266811	108.341066697104	22.2258027889903	1.81251058312367	7.95107167438358e-05
17-year-old	3	70062	6	2498670	1	0.245484071769011	4.04161121443468e-05	17.8311282380647	17.8318489338015	4.28173838578463e-05	8.56237691583184e-05	3.61126117728182	31.7745312050816	10.4852018995469	1.59032144130965	0.00150638996750863
29*	3.5	70062.5	0.5	2498676.5	1	0.109105504131787	4.9752795653927e-05	249.632332372335	249.644752899197	4.99529015499672e-05	9.99000999000999e-05	5.00355913266811	108.341066697104	22.2258027889903	1.81251058312367	7.95107167438358e-05
37-year-old	3.5	70062.5	0.5	2498676.5	1	0.109105504131787	4.9752795653927e-05	249.632332372335	249.644752899197	4.99529015499672e-05	9.99000999000999e-05	5.00355913266811	108.341066697104	22.2258027889903	1.81251058312367	7.95107167438358e-05
4*	3.5	70062.5	0.5	2498676.5	1	0.109105504131787	4.9752795653927e-05	249.632332372335	249.644752899197	4.99529015499672e-05	9.99000999000999e-05	5.00355913266811	108.341066697104	22.2258027889903	1.81251058312367	7.95107167438358e-05
85*	3.5	70062.5	0.5	2498676.5	1	0.109105504131787	4.9752795653927e-05	249.632332372335	249.644752899197	4.99529015499672e-05	9.99000999000999e-05	5.00355913266811	108.341066697104	22.2258027889903	1.81251058312367	7.95107167438358e-05
93	3	70062	20	2498656	1	0.627348183409694	3.48131448128481e-05	5.3493384714194	5.34952470668836	4.28173838578463e-05	8.56066659057185e-05	2.25762422266712	9.22515427233782	4.90499625523524	1.36985196491826	0.0239047710370943
agnes	3	70062	3	2498673	1	0.163656047846007	4.16167480010966e-05	35.6622564761293	35.6637406868202	4.28173838578463e-05	8.56274350301837e-05	4.19622367800297	50.5355640295328	13.4587680503845	1.63756490053638	0.000381473087195605
alarmed	3	70062	8	2498668	1	0.30003608771768	3.9615688239847e-05	13.3733461785485	13.3738759955468	4.28173838578463e-05	8.56213254181175e-05	3.32175456008683	24.9778272080198	9.16211457582588	1.55882580182517	0.00284024637577796
amino	3.5	70062.5	0.5	2498676.5	1	0.109105504131787	4.9752795653927e-05	249.632332372335	249.644752899197	4.99529015499672e-05	9.99000999000999e-05	5.00355913266811	108.341066697104	22.2258027889903	1.81251058312367	7.95107167438358e-05
analyse	3	70062	15	2498661	1	0.490968143538021	3.68142045740976e-05	7.13245129522586	7.13271388199024	4.28173838578463e-05	8.56127734257951e-05	2.61126117728182	13.1817312371538	6.2200227226691	1.44859106362947	0.0121821621857882
analyses	3	70062	23	2498653	1	0.709176207332697	3.36125089560983e-05	4.65159867079948	4.65175502939632	4.28173838578463e-05	8.56030018119302e-05	2.08074646058304	7.60753539207448	4.28607702562923	1.32260850569153	0.0330478013347861
angelababy	3.5	70062.5	0.5	2498676.5	1	0.109105504131787	4.9752795653927e-05	249.632332372335	249.644752899197	4.99529015499672e-05	9.99000999000999e-05	5.00355913266811	108.341066697104	22.2258027889903	1.81251058312367	7.95107167438358e-05
ani	3	70062	23	2498653	1	0.709176207332697	3.36125089560983e-05	4.65159867079948	4.65175502939632	4.28173838578463e-05	8.56030018119302e-05	2.08074646058304	7.60753539207448	4.28607702562923	1.32260850569153	0.0330478013347861
anrich	3.5	70062.5	0.5	2498676.5	1	0.109105504131787	4.9752795653927e-05	249.632332372335	249.644752899197	4.99529015499672e-05	9.99000999000999e-05	5.00355913266811	108.341066697104	22.2258027889903	1.81251058312367	7.95107167438358e-05
antibiotics	3	70062	18	2498658	1	0.572796167461025	3.56135687173479e-05	5.94370941268822	5.94392109845565	4.28173838578463e-05	8.56091088091773e-05	2.38886875594537	10.5736837671403	5.38126437138216	1.40134760440275	0.0186889198659568
ariadne	3.5	70062.5	0.5	2498676.5	1	0.109105504131787	4.9752795653927e-05	249.632332372335	249.644752899197	4.99529015499672e-05	9.99000999000999e-05	5.00355913266811	108.341066697104	22.2258027889903	1.81251058312367	7.95107167438358e-05
artwork	3	70062	19	2498657	1	0.600072175435359	3.5213356765098e-05	5.6308826014941	5.63108089226234	4.28173838578463e-05	8.56078873400203e-05	2.32175456008683	9.86749611441933	5.13594460815019	1.3855997846605	0.0212086578730655
avoidance	3	70062	8	2498668	1	0.30003608771768	3.9615688239847e-05	13.3733461785485	13.3738759955468	4.28173838578463e-05	8.56213254181175e-05	3.32175456008683	24.9778272080198	9.16211457582588	1.55882580182517	0.00284024637577796
backward	3	70062	5	2498671	1	0.218208063794676	4.08163240965967e-05	21.3973538856776	21.3982272844052	4.28173838578463e-05	8.56249910807301e-05	3.78118617872413	36.4577797361278	11.3021375256206	1.6060692610519	0.00102508193676032
barracks	3	70062	5	2498671	1	0.218208063794676	4.08163240965967e-05	21.3973538856776	21.3982272844052	4.28173838578463e-05	8.56249910807301e-05	3.78118617872413	36.4577797361278	11.3021375256206	1.6060692610519	0.00102508193676032
batsman	3	70062	7	2498669	1	0.272760079743345	4.00159001920969e-05	15.2838242040554	15.2844358262274	4.28173838578463e-05	8.56225472707813e-05	3.45925808383677	28.0335401290302	9.78047850150432	1.57457362156741	0.00210833617702855
batted	3	70062	3	2498673	1	0.163656047846007	4.16167480010966e-05	35.6622564761293	35.6637406868202	4.28173838578463e-05	8.56274350301837e-05	4.19622367800297	50.5355640295328	13.4587680503845	1.63756490053638	0.000381473087195605
beers	3	70062	2	2498674	1	0.136380039871673	4.20169599533465e-05	53.493384714194	53.495632439839	4.28173838578463e-05	8.56286570572285e-05	4.45925808383677	61.8146146582196	14.9911100195623	1.65331272027862	0.000194708415558575
bettel	3.5	70062.5	0.5	2498676.5	1	0.109105504131787	4.9752795653927e-05	249.632332372335	249.644752899197	4.99529015499672e-05	9.99000999000999e-05	5.00355913266811	108.341066697104	22.2258027889903	1.81251058312367	7.95107167438358e-05
bezos	3	70062	3	2498673	1	0.163656047846007	4.16167480010966e-05	35.6622564761293	35.6637406868202	4.28173838578463e-05	8.56274350301837e-05	4.19622367800297	50.5355640295328	13.4587680503845	1.63756490053638	0.000381473087195605
bhandari	3	70062	2	2498674	1	0.136380039871673	4.20169599533465e-05	53.493384714194	53.495632439839	4.28173838578463e-05	8.56286570572285e-05	4.45925808383677	61.8146146582196	14.9911100195623	1.65331272027862	0.000194708415558575
bilateral	3	70062	14	2498662	1	0.463692135563687	3.72144165263475e-05	7.64191210202771	7.64219650350506	4.28173838578463e-05	8.56139950343883e-05	2.69372333747379	14.2622305625657	6.54094371655014	1.46433888337172	0.0103594639493834
birthing	3	70062	2	2498674	1	0.136380039871673	4.20169599533465e-05	53.493384714194	53.495632439839	4.28173838578463e-05	8.56286570572285e-05	4.45925808383677	61.8146146582196	14.9911100195623	1.65331272027862	0.000194708415558575
bombs	3	70062	4	2498672	1	0.190932055820342	4.12165360488466e-05	26.746692357097	26.7477948103109	4.28173838578463e-05	8.5626213038018e-05	3.97383125666653	42.487110336382	12.2711282997274	1.62181708079414	0.000653979111974179
borrow	3	70062	24	2498652	1	0.736452215307032	3.32122970038484e-05	4.45778205951616	4.45793011903742	4.28173838578463e-05	8.56017805170347e-05	2.02629867656066	7.1523654797216	4.10106414812427	1.30686068594929	0.0364438165727639
botched	3	70062	4	2498672	1	0.190932055820342	4.12165360488466e-05	26.746692357097	26.7477948103109	4.28173838578463e-05	8.5626213038018e-05	3.97383125666653	42.487110336382	12.2711282997274	1.62181708079414	0.000653979111974179
boulevard	3	70062	16	2498660	1	0.518244151512356	3.64139926218477e-05	6.68667308927425	6.68691658816477	4.28173838578463e-05	8.56115518520632e-05	2.53325866528054	12.2179201605901	5.92136568798118	1.43284324388723	0.0141767692815447
bowlers	3	70062	1	2498675	1	0.109104031897338	4.24171719055964e-05	106.986769428388	106.991307698895	4.28173838578463e-05	8.5629879119154e-05	4.78118617872413	78.7472099077217	17.1672380285493	1.66906054002087	7.95075204689244e-05
bowling	3	70062	12	2498664	1	0.409140119615018	3.80148404308473e-05	8.91556411903233	8.91590305729211	4.28173838578463e-05	8.56164383561644e-05	2.87429558311561	16.8666445415478	7.26223023510686	1.4958345228562	0.00721885183460025
boxing	3	70062	21	2498655	1	0.654624191384028	3.44129328605981e-05	5.09460806801847	5.09478339593095	4.28173838578463e-05	8.56054445062706e-05	2.19622367800297	8.63867751729474	4.68710569276772	1.35410414517602	0.0267771166730169
brad	3	70062	20	2498656	1	0.627348183409694	3.48131448128481e-05	5.3493384714194	5.34952470668836	4.28173838578463e-05	8.56066659057185e-05	2.25762422266712	9.22515427233782	4.90499625523524	1.36985196491826	0.0239047710370943
braking	3	70062	3	2498673	1	0.163656047846007	4.16167480010966e-05	35.6622564761293	35.6637406868202	4.28173838578463e-05	8.56274350301837e-05	4.19622367800297	50.5355640295328	13.4587680503845	1.63756490053638	0.000381473087195605
brewer	3	70062	3	2498673	1	0.163656047846007	4.16167480010966e-05	35.6622564761293	35.6637406868202	4.28173838578463e-05	8.56274350301837e-05	4.19622367800297	50.5355640295328	13.4587680503845	1.63756490053638	0.000381473087195605
breweries	3	70062	12	2498664	1	0.409140119615018	3.80148404308473e-05	8.91556411903233	8.91590305729211	4.28173838578463e-05	8.56164383561644e-05	2.87429558311561	16.8666445415478	7.26223023510686	1.4958345228562	0.00721885183460025
bruno	3	70062	12	2498664	1	0.409140119615018	3.80148404308473e-05	8.91556411903233	8.91590305729211	4.28173838578463e-05	8.56164383561644e-05	2.87429558311561	16.8666445415478	7.26223023510686	1.4958345228562	0.00721885183460025
burns	3	70062	17	2498659	1	0.54552015948669	3.60137806695978e-05	6.29333937814047	6.29356603478935	4.28173838578463e-05	8.56103303131911e-05	2.45925808383677	11.353294098822	5.64247837332166	1.41709542414499	0.0163452326916572
buttigieg	3.5	70062.5	0.5	2498676.5	1	0.109105504131787	4.9752795653927e-05	249.632332372335	249.644752899197	4.99529015499672e-05	9.99000999000999e-05	5.00355913266811	108.341066697104	22.2258027889903	1.81251058312367	7.95107167438358e-05
cabarrubias	3.5	70062.5	0.5	2498676.5	1	0.109105504131787	4.9752795653927e-05	249.632332372335	249.644752899197	4.99529015499672e-05	9.99000999000999e-05	5.00355913266811	108.341066697104	22.2258027889903	1.81251058312367	7.95107167438358e-05
caf	3	70062	23	2498653	1	0.709176207332697	3.36125089560983e-05	4.65159867079948	4.65175502939632	4.28173838578463e-05	8.56030018119302e-05	2.08074646058304	7.60753539207448	4.28607702562923	1.32260850569153	0.0330478013347861
cameron	3	70062	21	2498655	1	0.654624191384028	3.44129328605981e-05	5.09460806801847	5.09478339593095	4.28173838578463e-05	8.56054445062706e-05	2.19622367800297	8.63867751729474	4.68710569276772	1.35410414517602	0.0267771166730169
cannabinoids	3.5	70062.5	0.5	2498676.5	1	0.109105504131787	4.9752795653927e-05	249.632332372335	249.644752899197	4.99529015499672e-05	9.99000999000999e-05	5.00355913266811	108.341066697104	22.2258027889903	1.81251058312367	7.95107167438358e-05
caroline	3	70062	15	2498661	1	0.490968143538021	3.68142045740976e-05	7.13245129522586	7.13271388199024	4.28173838578463e-05	8.56127734257951e-05	2.61126117728182	13.1817312371538	6.2200227226691	1.44859106362947	0.0121821621857882
cascade	3	70062	6	2498670	1	0.245484071769011	4.04161121443468e-05	17.8311282380647	17.8318489338015	4.28173838578463e-05	8.56237691583184e-05	3.61126117728182	31.7745312050816	10.4852018995469	1.59032144130965	0.00150638996750863
catchment	3	70062	1	2498675	1	0.109104031897338	4.24171719055964e-05	106.986769428388	106.991307698895	4.28173838578463e-05	8.5629879119154e-05	4.78118617872413	78.7472099077217	17.1672380285493	1.66906054002087	7.95075204689244e-05
cbsl	3	70062	8	2498668	1	0.30003608771768	3.9615688239847e-05	13.3733461785485	13.3738759955468	4.28173838578463e-05	8.56213254181175e-05	3.32175456008683	24.9778272080198	9.16211457582588	1.55882580182517	0.00284024637577796
chefs	3	70062	7	2498669	1	0.272760079743345	4.00159001920969e-05	15.2838242040554	15.2844358262274	4.28173838578463e-05	8.56225472707813e-05	3.45925808383677	28.0335401290302	9.78047850150432	1.57457362156741	0.00210833617702855
chilly	3	70062	3	2498673	1	0.163656047846007	4.16167480010966e-05	35.6622564761293	35.6637406868202	4.28173838578463e-05	8.56274350301837e-05	4.19622367800297	50.5355640295328	13.4587680503845	1.63756490053638	0.000381473087195605
chongqing	3	70062	8	2498668	1	0.30003608771768	3.9615688239847e-05	13.3733461785485	13.3738759955468	4.28173838578463e-05	8.56213254181175e-05	3.32175456008683	24.9778272080198	9.16211457582588	1.55882580182517	0.00284024637577796
christine	3	70062	17	2498659	1	0.54552015948669	3.60137806695978e-05	6.29333937814047	6.29356603478935	4.28173838578463e-05	8.56103303131911e-05	2.45925808383677	11.353294098822	5.64247837332166	1.41709542414499	0.0163452326916572
clash	3	70062	16	2498660	1	0.518244151512356	3.64139926218477e-05	6.68667308927425	6.68691658816477	4.28173838578463e-05	8.56115518520632e-05	2.53325866528054	12.2179201605901	5.92136568798118	1.43284324388723	0.0141767692815447
coal-fired	3	70062	3	2498673	1	0.163656047846007	4.16167480010966e-05	35.6622564761293	35.6637406868202	4.28173838578463e-05	8.56274350301837e-05	4.19622367800297	50.5355640295328	13.4587680503845	1.63756490053638	0.000381473087195605
committing	3	70062	12	2498664	1	0.409140119615018	3.80148404308473e-05	8.91556411903233	8.91590305729211	4.28173838578463e-05	8.56164383561644e-05	2.87429558311561	16.8666445415478	7.26223023510686	1.4958345228562	0.00721885183460025
conclude	3	70062	20	2498656	1	0.627348183409694	3.48131448128481e-05	5.3493384714194	5.34952470668836	4.28173838578463e-05	8.56066659057185e-05	2.25762422266712	9.22515427233782	4.90499625523524	1.36985196491826	0.0239047710370943
confronting	3	70062	15	2498661	1	0.490968143538021	3.68142045740976e-05	7.13245129522586	7.13271388199024	4.28173838578463e-05	8.56127734257951e-05	2.61126117728182	13.1817312371538	6.2200227226691	1.44859106362947	0.0121821621857882
consular	3	70062	10	2498666	1	0.354588103666349	3.88152643353472e-05	10.6986769428388	10.699092232594	4.28173838578463e-05	8.56188818174035e-05	3.08074646058304	20.2896714004665	8.11837981459446	1.52733016234069	0.00472611353994024
contentious	3	70062	11	2498665	1	0.381864111640683	3.84150523830973e-05	9.72606994803527	9.72644359152024	4.28173838578463e-05	8.56176600693503e-05	2.97383125666653	18.4539042326415	7.67075972223986	1.51158234259844	0.00589375676756776
conviction	3	70062	13	2498663	1	0.436416127589352	3.76146284785974e-05	8.22975149449138	8.23006106679139	4.28173838578463e-05	8.56152166778442e-05	2.78118617872413	15.4812971793915	6.88712859992766	1.48008670311396	0.00870610541144301
cornerstone	3	70062	6	2498670	1	0.245484071769011	4.04161121443468e-05	17.8311282380647	17.8318489338015	4.28173838578463e-05	8.56237691583184e-05	3.61126117728182	31.7745312050816	10.4852018995469	1.59032144130965	0.00150638996750863
cube	3	70062	2	2498674	1	0.136380039871673	4.20169599533465e-05	53.493384714194	53.495632439839	4.28173838578463e-05	8.56286570572285e-05	4.45925808383677	61.8146146582196	14.9911100195623	1.65331272027862	0.000194708415558575
curtin	3	70062	2	2498674	1	0.136380039871673	4.20169599533465e-05	53.493384714194	53.495632439839	4.28173838578463e-05	8.56286570572285e-05	4.45925808383677	61.8146146582196	14.9911100195623	1.65331272027862	0.000194708415558575
dailyfx	3	70062	1	2498675	1	0.109104031897338	4.24171719055964e-05	106.986769428388	106.991307698895	4.28173838578463e-05	8.5629879119154e-05	4.78118617872413	78.7472099077217	17.1672380285493	1.66906054002087	7.95075204689244e-05
dancing	3	70062	24	2498652	1	0.736452215307032	3.32122970038484e-05	4.45778205951616	4.45793011903742	4.28173838578463e-05	8.56017805170347e-05	2.02629867656066	7.1523654797216	4.10106414812427	1.30686068594929	0.0364438165727639
dec	3	70062	4	2498672	1	0.190932055820342	4.12165360488466e-05	26.746692357097	26.7477948103109	4.28173838578463e-05	8.5626213038018e-05	3.97383125666653	42.487110336382	12.2711282997274	1.62181708079414	0.000653979111974179
delegation	3	70062	14	2498662	1	0.463692135563687	3.72144165263475e-05	7.64191210202771	7.64219650350506	4.28173838578463e-05	8.56139950343883e-05	2.69372333747379	14.2622305625657	6.54094371655014	1.46433888337172	0.0103594639493834
densely	3	70062	16	2498660	1	0.518244151512356	3.64139926218477e-05	6.68667308927425	6.68691658816477	4.28173838578463e-05	8.56115518520632e-05	2.53325866528054	12.2179201605901	5.92136568798118	1.43284324388723	0.0141767692815447
derulo	3.5	70062.5	0.5	2498676.5	1	0.109105504131787	4.9752795653927e-05	249.632332372335	249.644752899197	4.99529015499672e-05	9.99000999000999e-05	5.00355913266811	108.341066697104	22.2258027889903	1.81251058312367	7.95107167438358e-05
dhs	3	70062	6	2498670	1	0.245484071769011	4.04161121443468e-05	17.8311282380647	17.8318489338015	4.28173838578463e-05	8.56237691583184e-05	3.61126117728182	31.7745312050816	10.4852018995469	1.59032144130965	0.00150638996750863
digs	3	70062	1	2498675	1	0.109104031897338	4.24171719055964e-05	106.986769428388	106.991307698895	4.28173838578463e-05	8.5629879119154e-05	4.78118617872413	78.7472099077217	17.1672380285493	1.66906054002087	7.95075204689244e-05
discriminatory	3	70062	10	2498666	1	0.354588103666349	3.88152643353472e-05	10.6986769428388	10.699092232594	4.28173838578463e-05	8.56188818174035e-05	3.08074646058304	20.2896714004665	8.11837981459446	1.52733016234069	0.00472611353994024
eagles	3	70062	5	2498671	1	0.218208063794676	4.08163240965967e-05	21.3973538856776	21.3982272844052	4.28173838578463e-05	8.56249910807301e-05	3.78118617872413	36.4577797361278	11.3021375256206	1.6060692610519	0.00102508193676032
eastman	3.5	70062.5	0.5	2498676.5	1	0.109105504131787	4.9752795653927e-05	249.632332372335	249.644752899197	4.99529015499672e-05	9.99000999000999e-05	5.00355913266811	108.341066697104	22.2258027889903	1.81251058312367	7.95107167438358e-05
eder	3.5	70062.5	0.5	2498676.5	1	0.109105504131787	4.9752795653927e-05	249.632332372335	249.644752899197	4.99529015499672e-05	9.99000999000999e-05	5.00355913266811	108.341066697104	22.2258027889903	1.81251058312367	7.95107167438358e-05
egg	3	70062	22	2498654	1	0.681900199358363	3.40127209083482e-05	4.86303497401763	4.86320038615149	4.28173838578463e-05	8.5604223141675e-05	2.13732998894941	8.10136204146525	4.48113181081677	1.33835632543378	0.0298251190032609
emma	3	70062	21	2498655	1	0.654624191384028	3.44129328605981e-05	5.09460806801847	5.09478339593095	4.28173838578463e-05	8.56054445062706e-05	2.19622367800297	8.63867751729474	4.68710569276772	1.35410414517602	0.0267771166730169
emmanuel	3	70062	24	2498652	1	0.736452215307032	3.32122970038484e-05	4.45778205951616	4.45793011903742	4.28173838578463e-05	8.56017805170347e-05	2.02629867656066	7.1523654797216	4.10106414812427	1.30686068594929	0.0364438165727639
en	3	70062	17	2498659	1	0.54552015948669	3.60137806695978e-05	6.29333937814047	6.29356603478935	4.28173838578463e-05	8.56103303131911e-05	2.45925808383677	11.353294098822	5.64247837332166	1.41709542414499	0.0163452326916572
enjoys	3	70062	17	2498659	1	0.54552015948669	3.60137806695978e-05	6.29333937814047	6.29356603478935	4.28173838578463e-05	8.56103303131911e-05	2.45925808383677	11.353294098822	5.64247837332166	1.41709542414499	0.0163452326916572
est	3	70062	17	2498659	1	0.54552015948669	3.60137806695978e-05	6.29333937814047	6.29356603478935	4.28173838578463e-05	8.56103303131911e-05	2.45925808383677	11.353294098822	5.64247837332166	1.41709542414499	0.0163452326916572
eve	3	70062	16	2498660	1	0.518244151512356	3.64139926218477e-05	6.68667308927425	6.68691658816477	4.28173838578463e-05	8.56115518520632e-05	2.53325866528054	12.2179201605901	5.92136568798118	1.43284324388723	0.0141767692815447
examining	3	70062	12	2498664	1	0.409140119615018	3.80148404308473e-05	8.91556411903233	8.91590305729211	4.28173838578463e-05	8.56164383561644e-05	2.87429558311561	16.8666445415478	7.26223023510686	1.4958345228562	0.00721885183460025
excitement	3	70062	10	2498666	1	0.354588103666349	3.88152643353472e-05	10.6986769428388	10.699092232594	4.28173838578463e-05	8.56188818174035e-05	3.08074646058304	20.2896714004665	8.11837981459446	1.52733016234069	0.00472611353994024
execs	3	70062	1	2498675	1	0.109104031897338	4.24171719055964e-05	106.986769428388	106.991307698895	4.28173838578463e-05	8.5629879119154e-05	4.78118617872413	78.7472099077217	17.1672380285493	1.66906054002087	7.95075204689244e-05
exhibit	3	70062	23	2498653	1	0.709176207332697	3.36125089560983e-05	4.65159867079948	4.65175502939632	4.28173838578463e-05	8.56030018119302e-05	2.08074646058304	7.60753539207448	4.28607702562923	1.32260850569153	0.0330478013347861
fails	3	70062	20	2498656	1	0.627348183409694	3.48131448128481e-05	5.3493384714194	5.34952470668836	4.28173838578463e-05	8.56066659057185e-05	2.25762422266712	9.22515427233782	4.90499625523524	1.36985196491826	0.0239047710370943
fig	3	70062	5	2498671	1	0.218208063794676	4.08163240965967e-05	21.3973538856776	21.3982272844052	4.28173838578463e-05	8.56249910807301e-05	3.78118617872413	36.4577797361278	11.3021375256206	1.6060692610519	0.00102508193676032
flint	3	70062	2	2498674	1	0.136380039871673	4.20169599533465e-05	53.493384714194	53.495632439839	4.28173838578463e-05	8.56286570572285e-05	4.45925808383677	61.8146146582196	14.9911100195623	1.65331272027862	0.000194708415558575
forests	3	70062	22	2498654	1	0.681900199358363	3.40127209083482e-05	4.86303497401763	4.86320038615149	4.28173838578463e-05	8.5604223141675e-05	2.13732998894941	8.10136204146525	4.48113181081677	1.33835632543378	0.0298251190032609
forex	3	70062	9	2498667	1	0.327312095692014	3.92154762875971e-05	11.8874188253764	11.8878850161286	4.28173838578463e-05	8.56201036003254e-05	3.19622367800297	22.4360729087479	8.61233636567644	1.54307798208293	0.0037104042842202
founding	3	70062	18	2498658	1	0.572796167461025	3.56135687173479e-05	5.94370941268822	5.94392109845565	4.28173838578463e-05	8.56091088091773e-05	2.38886875594537	10.5736837671403	5.38126437138216	1.40134760440275	0.0186889198659568
gabriel	3	70062	14	2498662	1	0.463692135563687	3.72144165263475e-05	7.64191210202771	7.64219650350506	4.28173838578463e-05	8.56139950343883e-05	2.69372333747379	14.2622305625657	6.54094371655014	1.46433888337172	0.0103594639493834
gastrointestinal	3	70062	7	2498669	1	0.272760079743345	4.00159001920969e-05	15.2838242040554	15.2844358262274	4.28173838578463e-05	8.56225472707813e-05	3.45925808383677	28.0335401290302	9.78047850150432	1.57457362156741	0.00210833617702855
girlfriend	3	70062	16	2498660	1	0.518244151512356	3.64139926218477e-05	6.68667308927425	6.68691658816477	4.28173838578463e-05	8.56115518520632e-05	2.53325866528054	12.2179201605901	5.92136568798118	1.43284324388723	0.0141767692815447
gladstone	3	70062	2	2498674	1	0.136380039871673	4.20169599533465e-05	53.493384714194	53.495632439839	4.28173838578463e-05	8.56286570572285e-05	4.45925808383677	61.8146146582196	14.9911100195623	1.65331272027862	0.000194708415558575
goodall	3	70062	1	2498675	1	0.109104031897338	4.24171719055964e-05	106.986769428388	106.991307698895	4.28173838578463e-05	8.5629879119154e-05	4.78118617872413	78.7472099077217	17.1672380285493	1.66906054002087	7.95075204689244e-05
graft	3	70062	2	2498674	1	0.136380039871673	4.20169599533465e-05	53.493384714194	53.495632439839	4.28173838578463e-05	8.56286570572285e-05	4.45925808383677	61.8146146582196	14.9911100195623	1.65331272027862	0.000194708415558575
guangzhou	3	70062	19	2498657	1	0.600072175435359	3.5213356765098e-05	5.6308826014941	5.63108089226234	4.28173838578463e-05	8.56078873400203e-05	2.32175456008683	9.86749611441933	5.13594460815019	1.3855997846605	0.0212086578730655
handmade	3	70062	8	2498668	1	0.30003608771768	3.9615688239847e-05	13.3733461785485	13.3738759955468	4.28173838578463e-05	8.56213254181175e-05	3.32175456008683	24.9778272080198	9.16211457582588	1.55882580182517	0.00284024637577796
hardcore	3	70062	2	2498674	1	0.136380039871673	4.20169599533465e-05	53.493384714194	53.495632439839	4.28173838578463e-05	8.56286570572285e-05	4.45925808383677	61.8146146582196	14.9911100195623	1.65331272027862	0.000194708415558575
heated	3	70062	7	2498669	1	0.272760079743345	4.00159001920969e-05	15.2838242040554	15.2844358262274	4.28173838578463e-05	8.56225472707813e-05	3.45925808383677	28.0335401290302	9.78047850150432	1.57457362156741	0.00210833617702855
heatwave	3	70062	2	2498674	1	0.136380039871673	4.20169599533465e-05	53.493384714194	53.495632439839	4.28173838578463e-05	8.56286570572285e-05	4.45925808383677	61.8146146582196	14.9911100195623	1.65331272027862	0.000194708415558575
hiv-aids	3.5	70062.5	0.5	2498676.5	1	0.109105504131787	4.9752795653927e-05	249.632332372335	249.644752899197	4.99529015499672e-05	9.99000999000999e-05	5.00355913266811	108.341066697104	22.2258027889903	1.81251058312367	7.95107167438358e-05
hostile	3	70062	17	2498659	1	0.54552015948669	3.60137806695978e-05	6.29333937814047	6.29356603478935	4.28173838578463e-05	8.56103303131911e-05	2.45925808383677	11.353294098822	5.64247837332166	1.41709542414499	0.0163452326916572
inaugural	3	70062	19	2498657	1	0.600072175435359	3.5213356765098e-05	5.6308826014941	5.63108089226234	4.28173838578463e-05	8.56078873400203e-05	2.32175456008683	9.86749611441933	5.13594460815019	1.3855997846605	0.0212086578730655
incumbent	3	70062	13	2498663	1	0.436416127589352	3.76146284785974e-05	8.22975149449138	8.23006106679139	4.28173838578463e-05	8.56152166778442e-05	2.78118617872413	15.4812971793915	6.88712859992766	1.48008670311396	0.00870610541144301
innovate	3	70062	14	2498662	1	0.463692135563687	3.72144165263475e-05	7.64191210202771	7.64219650350506	4.28173838578463e-05	8.56139950343883e-05	2.69372333747379	14.2622305625657	6.54094371655014	1.46433888337172	0.0103594639493834
insists	3	70062	22	2498654	1	0.681900199358363	3.40127209083482e-05	4.86303497401763	4.86320038615149	4.28173838578463e-05	8.5604223141675e-05	2.13732998894941	8.10136204146525	4.48113181081677	1.33835632543378	0.0298251190032609
interconnected	3	70062	10	2498666	1	0.354588103666349	3.88152643353472e-05	10.6986769428388	10.699092232594	4.28173838578463e-05	8.56188818174035e-05	3.08074646058304	20.2896714004665	8.11837981459446	1.52733016234069	0.00472611353994024
intuitive	3	70062	3	2498673	1	0.163656047846007	4.16167480010966e-05	35.6622564761293	35.6637406868202	4.28173838578463e-05	8.56274350301837e-05	4.19622367800297	50.5355640295328	13.4587680503845	1.63756490053638	0.000381473087195605
jokes	3	70062	15	2498661	1	0.490968143538021	3.68142045740976e-05	7.13245129522586	7.13271388199024	4.28173838578463e-05	8.56127734257951e-05	2.61126117728182	13.1817312371538	6.2200227226691	1.44859106362947	0.0121821621857882
kennedy	3	70062	24	2498652	1	0.736452215307032	3.32122970038484e-05	4.45778205951616	4.45793011903742	4.28173838578463e-05	8.56017805170347e-05	2.02629867656066	7.1523654797216	4.10106414812427	1.30686068594929	0.0364438165727639
khalid	3	70062	3	2498673	1	0.163656047846007	4.16167480010966e-05	35.6622564761293	35.6637406868202	4.28173838578463e-05	8.56274350301837e-05	4.19622367800297	50.5355640295328	13.4587680503845	1.63756490053638	0.000381473087195605
knife	3	70062	2	2498674	1	0.136380039871673	4.20169599533465e-05	53.493384714194	53.495632439839	4.28173838578463e-05	8.56286570572285e-05	4.45925808383677	61.8146146582196	14.9911100195623	1.65331272027862	0.000194708415558575
koros	3.5	70062.5	0.5	2498676.5	1	0.109105504131787	4.9752795653927e-05	249.632332372335	249.644752899197	4.99529015499672e-05	9.99000999000999e-05	5.00355913266811	108.341066697104	22.2258027889903	1.81251058312367	7.95107167438358e-05
lagarde	3	70062	2	2498674	1	0.136380039871673	4.20169599533465e-05	53.493384714194	53.495632439839	4.28173838578463e-05	8.56286570572285e-05	4.45925808383677	61.8146146582196	14.9911100195623	1.65331272027862	0.000194708415558575
lam	3	70062	11	2498665	1	0.381864111640683	3.84150523830973e-05	9.72606994803527	9.72644359152024	4.28173838578463e-05	8.56176600693503e-05	2.97383125666653	18.4539042326415	7.67075972223986	1.51158234259844	0.00589375676756776
le	3	70062	23	2498653	1	0.709176207332697	3.36125089560983e-05	4.65159867079948	4.65175502939632	4.28173838578463e-05	8.56030018119302e-05	2.08074646058304	7.60753539207448	4.28607702562923	1.32260850569153	0.0330478013347861
leak	3	70062	22	2498654	1	0.681900199358363	3.40127209083482e-05	4.86303497401763	4.86320038615149	4.28173838578463e-05	8.5604223141675e-05	2.13732998894941	8.10136204146525	4.48113181081677	1.33835632543378	0.0298251190032609
libya	3	70062	12	2498664	1	0.409140119615018	3.80148404308473e-05	8.91556411903233	8.91590305729211	4.28173838578463e-05	8.56164383561644e-05	2.87429558311561	16.8666445415478	7.26223023510686	1.4958345228562	0.00721885183460025
lloyd-jones	3.5	70062.5	0.5	2498676.5	1	0.109105504131787	4.9752795653927e-05	249.632332372335	249.644752899197	4.99529015499672e-05	9.99000999000999e-05	5.00355913266811	108.341066697104	22.2258027889903	1.81251058312367	7.95107167438358e-05
loud	3	70062	21	2498655	1	0.654624191384028	3.44129328605981e-05	5.09460806801847	5.09478339593095	4.28173838578463e-05	8.56054445062706e-05	2.19622367800297	8.63867751729474	4.68710569276772	1.35410414517602	0.0267771166730169
low-carbon	3	70062	2	2498674	1	0.136380039871673	4.20169599533465e-05	53.493384714194	53.495632439839	4.28173838578463e-05	8.56286570572285e-05	4.45925808383677	61.8146146582196	14.9911100195623	1.65331272027862	0.000194708415558575
lyase	3.5	70062.5	0.5	2498676.5	1	0.109105504131787	4.9752795653927e-05	249.632332372335	249.644752899197	4.99529015499672e-05	9.99000999000999e-05	5.00355913266811	108.341066697104	22.2258027889903	1.81251058312367	7.95107167438358e-05
madness	3	70062	15	2498661	1	0.490968143538021	3.68142045740976e-05	7.13245129522586	7.13271388199024	4.28173838578463e-05	8.56127734257951e-05	2.61126117728182	13.1817312371538	6.2200227226691	1.44859106362947	0.0121821621857882
maire	3	70062	5	2498671	1	0.218208063794676	4.08163240965967e-05	21.3973538856776	21.3982272844052	4.28173838578463e-05	8.56249910807301e-05	3.78118617872413	36.4577797361278	11.3021375256206	1.6060692610519	0.00102508193676032
malvo	3.5	70062.5	0.5	2498676.5	1	0.109105504131787	4.9752795653927e-05	249.632332372335	249.644752899197	4.99529015499672e-05	9.99000999000999e-05	5.00355913266811	108.341066697104	22.2258027889903	1.81251058312367	7.95107167438358e-05
mers-cov	3	70062	10	2498666	1	0.354588103666349	3.88152643353472e-05	10.6986769428388	10.699092232594	4.28173838578463e-05	8.56188818174035e-05	3.08074646058304	20.2896714004665	8.11837981459446	1.52733016234069	0.00472611353994024
micheal	3.5	70062.5	0.5	2498676.5	1	0.109105504131787	4.9752795653927e-05	249.632332372335	249.644752899197	4.99529015499672e-05	9.99000999000999e-05	5.00355913266811	108.341066697104	22.2258027889903	1.81251058312367	7.95107167438358e-05
mid	3	70062	15	2498661	1	0.490968143538021	3.68142045740976e-05	7.13245129522586	7.13271388199024	4.28173838578463e-05	8.56127734257951e-05	2.61126117728182	13.1817312371538	6.2200227226691	1.44859106362947	0.0121821621857882
moe	3	70062	9	2498667	1	0.327312095692014	3.92154762875971e-05	11.8874188253764	11.8878850161286	4.28173838578463e-05	8.56201036003254e-05	3.19622367800297	22.4360729087479	8.61233636567644	1.54307798208293	0.0037104042842202
moines	3	70062	12	2498664	1	0.409140119615018	3.80148404308473e-05	8.91556411903233	8.91590305729211	4.28173838578463e-05	8.56164383561644e-05	2.87429558311561	16.8666445415478	7.26223023510686	1.4958345228562	0.00721885183460025
momtaz	3	70062	2	2498674	1	0.136380039871673	4.20169599533465e-05	53.493384714194	53.495632439839	4.28173838578463e-05	8.56286570572285e-05	4.45925808383677	61.8146146582196	14.9911100195623	1.65331272027862	0.000194708415558575
muscle	3	70062	17	2498659	1	0.54552015948669	3.60137806695978e-05	6.29333937814047	6.29356603478935	4.28173838578463e-05	8.56103303131911e-05	2.45925808383677	11.353294098822	5.64247837332166	1.41709542414499	0.0163452326916572
mystery	3	70062	18	2498658	1	0.572796167461025	3.56135687173479e-05	5.94370941268822	5.94392109845565	4.28173838578463e-05	8.56091088091773e-05	2.38886875594537	10.5736837671403	5.38126437138216	1.40134760440275	0.0186889198659568
nanjing	3	70062	7	2498669	1	0.272760079743345	4.00159001920969e-05	15.2838242040554	15.2844358262274	4.28173838578463e-05	8.56225472707813e-05	3.45925808383677	28.0335401290302	9.78047850150432	1.57457362156741	0.00210833617702855
nanny	3	70062	3	2498673	1	0.163656047846007	4.16167480010966e-05	35.6622564761293	35.6637406868202	4.28173838578463e-05	8.56274350301837e-05	4.19622367800297	50.5355640295328	13.4587680503845	1.63756490053638	0.000381473087195605
nassif	3.5	70062.5	0.5	2498676.5	1	0.109105504131787	4.9752795653927e-05	249.632332372335	249.644752899197	4.99529015499672e-05	9.99000999000999e-05	5.00355913266811	108.341066697104	22.2258027889903	1.81251058312367	7.95107167438358e-05
networking	3	70062	10	2498666	1	0.354588103666349	3.88152643353472e-05	10.6986769428388	10.699092232594	4.28173838578463e-05	8.56188818174035e-05	3.08074646058304	20.2896714004665	8.11837981459446	1.52733016234069	0.00472611353994024
newton	3	70062	22	2498654	1	0.681900199358363	3.40127209083482e-05	4.86303497401763	4.86320038615149	4.28173838578463e-05	8.5604223141675e-05	2.13732998894941	8.10136204146525	4.48113181081677	1.33835632543378	0.0298251190032609
njhs	3.5	70062.5	0.5	2498676.5	1	0.109105504131787	4.9752795653927e-05	249.632332372335	249.644752899197	4.99529015499672e-05	9.99000999000999e-05	5.00355913266811	108.341066697104	22.2258027889903	1.81251058312367	7.95107167438358e-05
nut	3	70062	2	2498674	1	0.136380039871673	4.20169599533465e-05	53.493384714194	53.495632439839	4.28173838578463e-05	8.56286570572285e-05	4.45925808383677	61.8146146582196	14.9911100195623	1.65331272027862	0.000194708415558575
octb	3.5	70062.5	0.5	2498676.5	1	0.109105504131787	4.9752795653927e-05	249.632332372335	249.644752899197	4.99529015499672e-05	9.99000999000999e-05	5.00355913266811	108.341066697104	22.2258027889903	1.81251058312367	7.95107167438358e-05
oecd	3	70062	23	2498653	1	0.709176207332697	3.36125089560983e-05	4.65159867079948	4.65175502939632	4.28173838578463e-05	8.56030018119302e-05	2.08074646058304	7.60753539207448	4.28607702562923	1.32260850569153	0.0330478013347861
org	3	70062	9	2498667	1	0.327312095692014	3.92154762875971e-05	11.8874188253764	11.8878850161286	4.28173838578463e-05	8.56201036003254e-05	3.19622367800297	22.4360729087479	8.61233636567644	1.54307798208293	0.0037104042842202
overs	3	70062	1	2498675	1	0.109104031897338	4.24171719055964e-05	106.986769428388	106.991307698895	4.28173838578463e-05	8.5629879119154e-05	4.78118617872413	78.7472099077217	17.1672380285493	1.66906054002087	7.95075204689244e-05
quotable	3.5	70062.5	0.5	2498676.5	1	0.109105504131787	4.9752795653927e-05	249.632332372335	249.644752899197	4.99529015499672e-05	9.99000999000999e-05	5.00355913266811	108.341066697104	22.2258027889903	1.81251058312367	7.95107167438358e-05
rainbow	3	70062	14	2498662	1	0.463692135563687	3.72144165263475e-05	7.64191210202771	7.64219650350506	4.28173838578463e-05	8.56139950343883e-05	2.69372333747379	14.2622305625657	6.54094371655014	1.46433888337172	0.0103594639493834
rania	3.5	70062.5	0.5	2498676.5	1	0.109105504131787	4.9752795653927e-05	249.632332372335	249.644752899197	4.99529015499672e-05	9.99000999000999e-05	5.00355913266811	108.341066697104	22.2258027889903	1.81251058312367	7.95107167438358e-05
referendum	3	70062	10	2498666	1	0.354588103666349	3.88152643353472e-05	10.6986769428388	10.699092232594	4.28173838578463e-05	8.56188818174035e-05	3.08074646058304	20.2896714004665	8.11837981459446	1.52733016234069	0.00472611353994024
reimagining	3	70062	7	2498669	1	0.272760079743345	4.00159001920969e-05	15.2838242040554	15.2844358262274	4.28173838578463e-05	8.56225472707813e-05	3.45925808383677	28.0335401290302	9.78047850150432	1.57457362156741	0.00210833617702855
remake	3	70062	8	2498668	1	0.30003608771768	3.9615688239847e-05	13.3733461785485	13.3738759955468	4.28173838578463e-05	8.56213254181175e-05	3.32175456008683	24.9778272080198	9.16211457582588	1.55882580182517	0.00284024637577796
rockefeller	3	70062	2	2498674	1	0.136380039871673	4.20169599533465e-05	53.493384714194	53.495632439839	4.28173838578463e-05	8.56286570572285e-05	4.45925808383677	61.8146146582196	14.9911100195623	1.65331272027862	0.000194708415558575
rym	3	70062	2	2498674	1	0.136380039871673	4.20169599533465e-05	53.493384714194	53.495632439839	4.28173838578463e-05	8.56286570572285e-05	4.45925808383677	61.8146146582196	14.9911100195623	1.65331272027862	0.000194708415558575
scored	3	70062	16	2498660	1	0.518244151512356	3.64139926218477e-05	6.68667308927425	6.68691658816477	4.28173838578463e-05	8.56115518520632e-05	2.53325866528054	12.2179201605901	5.92136568798118	1.43284324388723	0.0141767692815447
sdg	3	70062	4	2498672	1	0.190932055820342	4.12165360488466e-05	26.746692357097	26.7477948103109	4.28173838578463e-05	8.5626213038018e-05	3.97383125666653	42.487110336382	12.2711282997274	1.62181708079414	0.000653979111974179
sequence	3	70062	19	2498657	1	0.600072175435359	3.5213356765098e-05	5.6308826014941	5.63108089226234	4.28173838578463e-05	8.56078873400203e-05	2.32175456008683	9.86749611441933	5.13594460815019	1.3855997846605	0.0212086578730655
showcases	3	70062	8	2498668	1	0.30003608771768	3.9615688239847e-05	13.3733461785485	13.3738759955468	4.28173838578463e-05	8.56213254181175e-05	3.32175456008683	24.9778272080198	9.16211457582588	1.55882580182517	0.00284024637577796
shrug	3	70062	3	2498673	1	0.163656047846007	4.16167480010966e-05	35.6622564761293	35.6637406868202	4.28173838578463e-05	8.56274350301837e-05	4.19622367800297	50.5355640295328	13.4587680503845	1.63756490053638	0.000381473087195605
slots	3	70062	19	2498657	1	0.600072175435359	3.5213356765098e-05	5.6308826014941	5.63108089226234	4.28173838578463e-05	8.56078873400203e-05	2.32175456008683	9.86749611441933	5.13594460815019	1.3855997846605	0.0212086578730655
slt	3.5	70062.5	0.5	2498676.5	1	0.109105504131787	4.9752795653927e-05	249.632332372335	249.644752899197	4.99529015499672e-05	9.99000999000999e-05	5.00355913266811	108.341066697104	22.2258027889903	1.81251058312367	7.95107167438358e-05
sr	3	70062	2	2498674	1	0.136380039871673	4.20169599533465e-05	53.493384714194	53.495632439839	4.28173838578463e-05	8.56286570572285e-05	4.45925808383677	61.8146146582196	14.9911100195623	1.65331272027862	0.000194708415558575
srilankan	3.5	70062.5	0.5	2498676.5	1	0.109105504131787	4.9752795653927e-05	249.632332372335	249.644752899197	4.99529015499672e-05	9.99000999000999e-05	5.00355913266811	108.341066697104	22.2258027889903	1.81251058312367	7.95107167438358e-05
steyer	3.5	70062.5	0.5	2498676.5	1	0.109105504131787	4.9752795653927e-05	249.632332372335	249.644752899197	4.99529015499672e-05	9.99000999000999e-05	5.00355913266811	108.341066697104	22.2258027889903	1.81251058312367	7.95107167438358e-05
sting	3	70062	2	2498674	1	0.136380039871673	4.20169599533465e-05	53.493384714194	53.495632439839	4.28173838578463e-05	8.56286570572285e-05	4.45925808383677	61.8146146582196	14.9911100195623	1.65331272027862	0.000194708415558575
stomach	3	70062	16	2498660	1	0.518244151512356	3.64139926218477e-05	6.68667308927425	6.68691658816477	4.28173838578463e-05	8.56115518520632e-05	2.53325866528054	12.2179201605901	5.92136568798118	1.43284324388723	0.0141767692815447
suresh	3	70062	10	2498666	1	0.354588103666349	3.88152643353472e-05	10.6986769428388	10.699092232594	4.28173838578463e-05	8.56188818174035e-05	3.08074646058304	20.2896714004665	8.11837981459446	1.52733016234069	0.00472611353994024
surfaced	3	70062	19	2498657	1	0.600072175435359	3.5213356765098e-05	5.6308826014941	5.63108089226234	4.28173838578463e-05	8.56078873400203e-05	2.32175456008683	9.86749611441933	5.13594460815019	1.3855997846605	0.0212086578730655
swag	3.5	70062.5	0.5	2498676.5	1	0.109105504131787	4.9752795653927e-05	249.632332372335	249.644752899197	4.99529015499672e-05	9.99000999000999e-05	5.00355913266811	108.341066697104	22.2258027889903	1.81251058312367	7.95107167438358e-05
sweater	3	70062	2	2498674	1	0.136380039871673	4.20169599533465e-05	53.493384714194	53.495632439839	4.28173838578463e-05	8.56286570572285e-05	4.45925808383677	61.8146146582196	14.9911100195623	1.65331272027862	0.000194708415558575
t'way	3.5	70062.5	0.5	2498676.5	1	0.109105504131787	4.9752795653927e-05	249.632332372335	249.644752899197	4.99529015499672e-05	9.99000999000999e-05	5.00355913266811	108.341066697104	22.2258027889903	1.81251058312367	7.95107167438358e-05
tags	3	70062	12	2498664	1	0.409140119615018	3.80148404308473e-05	8.91556411903233	8.91590305729211	4.28173838578463e-05	8.56164383561644e-05	2.87429558311561	16.8666445415478	7.26223023510686	1.4958345228562	0.00721885183460025
technologically	3	70062	4	2498672	1	0.190932055820342	4.12165360488466e-05	26.746692357097	26.7477948103109	4.28173838578463e-05	8.5626213038018e-05	3.97383125666653	42.487110336382	12.2711282997274	1.62181708079414	0.000653979111974179
thorning-schmidt	3	70062	1	2498675	1	0.109104031897338	4.24171719055964e-05	106.986769428388	106.991307698895	4.28173838578463e-05	8.5629879119154e-05	4.78118617872413	78.7472099077217	17.1672380285493	1.66906054002087	7.95075204689244e-05
time-release	3.5	70062.5	0.5	2498676.5	1	0.109105504131787	4.9752795653927e-05	249.632332372335	249.644752899197	4.99529015499672e-05	9.99000999000999e-05	5.00355913266811	108.341066697104	22.2258027889903	1.81251058312367	7.95107167438358e-05
tobacco	3	70062	24	2498652	1	0.736452215307032	3.32122970038484e-05	4.45778205951616	4.45793011903742	4.28173838578463e-05	8.56017805170347e-05	2.02629867656066	7.1523654797216	4.10106414812427	1.30686068594929	0.0364438165727639
toxic	3	70062	24	2498652	1	0.736452215307032	3.32122970038484e-05	4.45778205951616	4.45793011903742	4.28173838578463e-05	8.56017805170347e-05	2.02629867656066	7.1523654797216	4.10106414812427	1.30686068594929	0.0364438165727639
underwood	3	70062	3	2498673	1	0.163656047846007	4.16167480010966e-05	35.6622564761293	35.6637406868202	4.28173838578463e-05	8.56274350301837e-05	4.19622367800297	50.5355640295328	13.4587680503845	1.63756490053638	0.000381473087195605
unknowns	3	70062	17	2498659	1	0.54552015948669	3.60137806695978e-05	6.29333937814047	6.29356603478935	4.28173838578463e-05	8.56103303131911e-05	2.45925808383677	11.353294098822	5.64247837332166	1.41709542414499	0.0163452326916572
varadkar	3	70062	17	2498659	1	0.54552015948669	3.60137806695978e-05	6.29333937814047	6.29356603478935	4.28173838578463e-05	8.56103303131911e-05	2.45925808383677	11.353294098822	5.64247837332166	1.41709542414499	0.0163452326916572
vdl	3	70062	1	2498675	1	0.109104031897338	4.24171719055964e-05	106.986769428388	106.991307698895	4.28173838578463e-05	8.5629879119154e-05	4.78118617872413	78.7472099077217	17.1672380285493	1.66906054002087	7.95075204689244e-05
vernon	3	70062	10	2498666	1	0.354588103666349	3.88152643353472e-05	10.6986769428388	10.699092232594	4.28173838578463e-05	8.56188818174035e-05	3.08074646058304	20.2896714004665	8.11837981459446	1.52733016234069	0.00472611353994024
victorian	3	70062	23	2498653	1	0.709176207332697	3.36125089560983e-05	4.65159867079948	4.65175502939632	4.28173838578463e-05	8.56030018119302e-05	2.08074646058304	7.60753539207448	4.28607702562923	1.32260850569153	0.0330478013347861
vijayan	3	70062	7	2498669	1	0.272760079743345	4.00159001920969e-05	15.2838242040554	15.2844358262274	4.28173838578463e-05	8.56225472707813e-05	3.45925808383677	28.0335401290302	9.78047850150432	1.57457362156741	0.00210833617702855
wagering	3	70062	2	2498674	1	0.136380039871673	4.20169599533465e-05	53.493384714194	53.495632439839	4.28173838578463e-05	8.56286570572285e-05	4.45925808383677	61.8146146582196	14.9911100195623	1.65331272027862	0.000194708415558575
wastelanders	3.5	70062.5	0.5	2498676.5	1	0.109105504131787	4.9752795653927e-05	249.632332372335	249.644752899197	4.99529015499672e-05	9.99000999000999e-05	5.00355913266811	108.341066697104	22.2258027889903	1.81251058312367	7.95107167438358e-05
welcoming	3	70062	23	2498653	1	0.709176207332697	3.36125089560983e-05	4.65159867079948	4.65175502939632	4.28173838578463e-05	8.56030018119302e-05	2.08074646058304	7.60753539207448	4.28607702562923	1.32260850569153	0.0330478013347861
wesley	3	70062	3	2498673	1	0.163656047846007	4.16167480010966e-05	35.6622564761293	35.6637406868202	4.28173838578463e-05	8.56274350301837e-05	4.19622367800297	50.5355640295328	13.4587680503845	1.63756490053638	0.000381473087195605
wong	3	70062	21	2498655	1	0.654624191384028	3.44129328605981e-05	5.09460806801847	5.09478339593095	4.28173838578463e-05	8.56054445062706e-05	2.19622367800297	8.63867751729474	4.68710569276772	1.35410414517602	0.0267771166730169
xavier	3	70062	13	2498663	1	0.436416127589352	3.76146284785974e-05	8.22975149449138	8.23006106679139	4.28173838578463e-05	8.56152166778442e-05	2.78118617872413	15.4812971793915	6.88712859992766	1.48008670311396	0.00870610541144301
ymca	3	70062	5	2498671	1	0.218208063794676	4.08163240965967e-05	21.3973538856776	21.3982272844052	4.28173838578463e-05	8.56249910807301e-05	3.78118617872413	36.4577797361278	11.3021375256206	1.6060692610519	0.00102508193676032
zeit	3	70062	2	2498674	1	0.136380039871673	4.20169599533465e-05	53.493384714194	53.495632439839	4.28173838578463e-05	8.56286570572285e-05	4.45925808383677	61.8146146582196	14.9911100195623	1.65331272027862	0.000194708415558575
zelenskiy	3.5	70062.5	0.5	2498676.5	1	0.109105504131787	4.9752795653927e-05	249.632332372335	249.644752899197	4.99529015499672e-05	9.99000999000999e-05	5.00355913266811	108.341066697104	22.2258027889903	1.81251058312367	7.95107167438358e-05
